#! /opt/homebrew/Cellar/icarus-verilog/13.0/bin/vvp
:ivl_version "13.0 (stable)" "(v13_0)";
:ivl_delay_selection "TYPICAL";
:vpi_time_precision - 12;
:vpi_module "/opt/homebrew/Cellar/icarus-verilog/13.0/lib/ivl/system.vpi";
:vpi_module "/opt/homebrew/Cellar/icarus-verilog/13.0/lib/ivl/vhdl_sys.vpi";
:vpi_module "/opt/homebrew/Cellar/icarus-verilog/13.0/lib/ivl/vhdl_textio.vpi";
:vpi_module "/opt/homebrew/Cellar/icarus-verilog/13.0/lib/ivl/v2005_math.vpi";
:vpi_module "/opt/homebrew/Cellar/icarus-verilog/13.0/lib/ivl/va_math.vpi";
:vpi_module "/opt/homebrew/Cellar/icarus-verilog/13.0/lib/ivl/v2009.vpi";
S_0x102c0d180 .scope package, "$unit" "$unit" 2 1;
 .timescale 0 0;
S_0x102c0d300 .scope module, "key_expansion_tb" "key_expansion_tb" 3 3;
 .timescale -9 -12;
v0x8a2cf5400_0 .var "clk", 0 0;
v0x8a2cf54a0_0 .net "done", 0 0, v0x8a2cf4320_0;  1 drivers
v0x8a2cf5540_0 .var/i "errors", 31 0;
v0x8a2cf55e0 .array "expected_keys", 10 0, 127 0;
v0x8a2cf5680_0 .var/i "i", 31 0;
v0x8a2cf5720_0 .var "key_in", 127 0;
v0x8a2cf57c0_0 .net "round", 3 0, v0x8a2cf4820_0;  1 drivers
v0x8a2cf5860_0 .net "round_key", 127 0, v0x8a2cf48c0_0;  1 drivers
v0x8a2cf5900_0 .var "rst_n", 0 0;
v0x8a2cf59a0_0 .var "start", 0 0;
v0x8a2cf5a40_0 .net "valid", 0 0, v0x8a2cf50e0_0;  1 drivers
E_0x8a2cd15c0 .event posedge, v0x8a2cf4280_0;
E_0x8a2cd1600 .event negedge, v0x8a2cf4280_0;
S_0x102c08be0 .scope module, "dut" "key_expansion" 3 15, 4 1 0, S_0x102c0d300;
 .timescale 0 0;
    .port_info 0 /INPUT 1 "clk";
    .port_info 1 /INPUT 1 "rst_n";
    .port_info 2 /INPUT 1 "start";
    .port_info 3 /INPUT 128 "key_in";
    .port_info 4 /OUTPUT 128 "round_key";
    .port_info 5 /OUTPUT 4 "round";
    .port_info 6 /OUTPUT 1 "valid";
    .port_info 7 /OUTPUT 1 "done";
v0x8a2cf4280_0 .net "clk", 0 0, v0x8a2cf5400_0;  1 drivers
v0x8a2cf4320_0 .var "done", 0 0;
v0x8a2cf43c0_0 .net "key_in", 127 0, v0x8a2cf5720_0;  1 drivers
v0x8a2cf4460_0 .var "key_reg", 127 0;
v0x8a2cf4500_0 .var "nw0", 31 0;
v0x8a2cf45a0_0 .var "nw1", 31 0;
v0x8a2cf4640_0 .var "nw2", 31 0;
v0x8a2cf46e0_0 .var "nw3", 31 0;
v0x8a2cf4780_0 .var "rcon", 7 0;
v0x8a2cf4820_0 .var "round", 3 0;
v0x8a2cf48c0_0 .var "round_key", 127 0;
v0x8a2cf4960_0 .net "rst_n", 0 0, v0x8a2cf5900_0;  1 drivers
v0x8a2cf4a00_0 .var "sbox_in0", 7 0;
v0x8a2cf4aa0_0 .var "sbox_in1", 7 0;
v0x8a2cf4b40_0 .var "sbox_in2", 7 0;
v0x8a2cf4be0_0 .var "sbox_in3", 7 0;
v0x8a2cf4c80_0 .net "sbox_out0", 7 0, v0x102c15b70_0;  1 drivers
v0x8a2cf4d20_0 .net "sbox_out1", 7 0, v0x102c15cb0_0;  1 drivers
v0x8a2cf4dc0_0 .net "sbox_out2", 7 0, v0x8a2cf40a0_0;  1 drivers
v0x8a2cf4e60_0 .net "sbox_out3", 7 0, v0x8a2cf41e0_0;  1 drivers
v0x8a2cf4f00_0 .net "start", 0 0, v0x8a2cf59a0_0;  1 drivers
v0x8a2cf4fa0_0 .var "sub_word", 31 0;
v0x8a2cf5040_0 .var "t", 31 0;
v0x8a2cf50e0_0 .var "valid", 0 0;
v0x8a2cf5180_0 .var "w0", 31 0;
v0x8a2cf5220_0 .var "w1", 31 0;
v0x8a2cf52c0_0 .var "w2", 31 0;
v0x8a2cf5360_0 .var "w3", 31 0;
E_0x8a2cd1640/0 .event negedge, v0x8a2cf4960_0;
E_0x8a2cd1640/1 .event posedge, v0x8a2cf4280_0;
E_0x8a2cd1640 .event/or E_0x8a2cd1640/0, E_0x8a2cd1640/1;
E_0x8a2cd1680/0 .event anyedge, v0x8a2cf4460_0, v0x8a2cf5360_0, v0x8a2cf5040_0, v0x102c15b70_0;
E_0x8a2cd1680/1 .event anyedge, v0x102c15cb0_0, v0x8a2cf40a0_0, v0x8a2cf41e0_0, v0x8a2cf5180_0;
E_0x8a2cd1680/2 .event anyedge, v0x8a2cf4fa0_0, v0x8a2cf4780_0, v0x8a2cf5220_0, v0x8a2cf4500_0;
E_0x8a2cd1680/3 .event anyedge, v0x8a2cf52c0_0, v0x8a2cf45a0_0, v0x8a2cf4640_0;
E_0x8a2cd1680 .event/or E_0x8a2cd1680/0, E_0x8a2cd1680/1, E_0x8a2cd1680/2, E_0x8a2cd1680/3;
S_0x102c08d60 .scope autofunction.vec4.s8, "rcon_next" "rcon_next" 4 126, 4 126 0, S_0x102c08be0;
 .timescale 0 0;
v0x102c09fb0_0 .var "r", 7 0;
; Variable rcon_next is vec4 return value of scope S_0x102c08d60
TD_key_expansion_tb.dut.rcon_next ;
    %load/vec4 v0x102c09fb0_0;
    %parti/s 1, 7, 4;
    %flag_set/vec4 8;
    %jmp/0xz  T_0.0, 8;
    %load/vec4 v0x102c09fb0_0;
    %parti/s 7, 0, 2;
    %concati/vec4 0, 0, 1;
    %pushi/vec4 27, 0, 8;
    %xor;
    %ret/vec4 0, 0, 8;  Assign to rcon_next (store_vec4_to_lval)
    %jmp T_0.1;
T_0.0 ;
    %load/vec4 v0x102c09fb0_0;
    %parti/s 7, 0, 2;
    %concati/vec4 0, 0, 1;
    %ret/vec4 0, 0, 8;  Assign to rcon_next (store_vec4_to_lval)
T_0.1 ;
    %end;
S_0x102c04ae0 .scope module, "sbox0" "aes_sbox" 4 38, 5 1 0, S_0x102c08be0;
 .timescale 0 0;
    .port_info 0 /INPUT 8 "in";
    .port_info 1 /OUTPUT 8 "out";
v0x102c04c60_0 .net "in", 7 0, v0x8a2cf4a00_0;  1 drivers
v0x102c15b70_0 .var "out", 7 0;
E_0x8a2cd16c0 .event anyedge, v0x102c04c60_0;
S_0x102c16bb0 .scope module, "sbox1" "aes_sbox" 4 43, 5 1 0, S_0x102c08be0;
 .timescale 0 0;
    .port_info 0 /INPUT 8 "in";
    .port_info 1 /OUTPUT 8 "out";
v0x102c15c10_0 .net "in", 7 0, v0x8a2cf4aa0_0;  1 drivers
v0x102c15cb0_0 .var "out", 7 0;
E_0x8a2cd1700 .event anyedge, v0x102c15c10_0;
S_0x102c16d30 .scope module, "sbox2" "aes_sbox" 4 48, 5 1 0, S_0x102c08be0;
 .timescale 0 0;
    .port_info 0 /INPUT 8 "in";
    .port_info 1 /OUTPUT 8 "out";
v0x8a2cf4000_0 .net "in", 7 0, v0x8a2cf4b40_0;  1 drivers
v0x8a2cf40a0_0 .var "out", 7 0;
E_0x8a2cd1740 .event anyedge, v0x8a2cf4000_0;
S_0x102c173b0 .scope module, "sbox3" "aes_sbox" 4 53, 5 1 0, S_0x102c08be0;
 .timescale 0 0;
    .port_info 0 /INPUT 8 "in";
    .port_info 1 /OUTPUT 8 "out";
v0x8a2cf4140_0 .net "in", 7 0, v0x8a2cf4be0_0;  1 drivers
v0x8a2cf41e0_0 .var "out", 7 0;
E_0x8a2cd1780 .event anyedge, v0x8a2cf4140_0;
    .scope S_0x102c04ae0;
T_1 ;
Ewait_0 .event/or E_0x8a2cd16c0, E_0x0;
    %wait Ewait_0;
    %load/vec4 v0x102c04c60_0;
    %dup/vec4;
    %pushi/vec4 0, 0, 8;
    %cmp/u;
    %jmp/1 T_1.0, 6;
    %dup/vec4;
    %pushi/vec4 1, 0, 8;
    %cmp/u;
    %jmp/1 T_1.1, 6;
    %dup/vec4;
    %pushi/vec4 2, 0, 8;
    %cmp/u;
    %jmp/1 T_1.2, 6;
    %dup/vec4;
    %pushi/vec4 3, 0, 8;
    %cmp/u;
    %jmp/1 T_1.3, 6;
    %dup/vec4;
    %pushi/vec4 4, 0, 8;
    %cmp/u;
    %jmp/1 T_1.4, 6;
    %dup/vec4;
    %pushi/vec4 5, 0, 8;
    %cmp/u;
    %jmp/1 T_1.5, 6;
    %dup/vec4;
    %pushi/vec4 6, 0, 8;
    %cmp/u;
    %jmp/1 T_1.6, 6;
    %dup/vec4;
    %pushi/vec4 7, 0, 8;
    %cmp/u;
    %jmp/1 T_1.7, 6;
    %dup/vec4;
    %pushi/vec4 8, 0, 8;
    %cmp/u;
    %jmp/1 T_1.8, 6;
    %dup/vec4;
    %pushi/vec4 9, 0, 8;
    %cmp/u;
    %jmp/1 T_1.9, 6;
    %dup/vec4;
    %pushi/vec4 10, 0, 8;
    %cmp/u;
    %jmp/1 T_1.10, 6;
    %dup/vec4;
    %pushi/vec4 11, 0, 8;
    %cmp/u;
    %jmp/1 T_1.11, 6;
    %dup/vec4;
    %pushi/vec4 12, 0, 8;
    %cmp/u;
    %jmp/1 T_1.12, 6;
    %dup/vec4;
    %pushi/vec4 13, 0, 8;
    %cmp/u;
    %jmp/1 T_1.13, 6;
    %dup/vec4;
    %pushi/vec4 14, 0, 8;
    %cmp/u;
    %jmp/1 T_1.14, 6;
    %dup/vec4;
    %pushi/vec4 15, 0, 8;
    %cmp/u;
    %jmp/1 T_1.15, 6;
    %dup/vec4;
    %pushi/vec4 16, 0, 8;
    %cmp/u;
    %jmp/1 T_1.16, 6;
    %dup/vec4;
    %pushi/vec4 17, 0, 8;
    %cmp/u;
    %jmp/1 T_1.17, 6;
    %dup/vec4;
    %pushi/vec4 18, 0, 8;
    %cmp/u;
    %jmp/1 T_1.18, 6;
    %dup/vec4;
    %pushi/vec4 19, 0, 8;
    %cmp/u;
    %jmp/1 T_1.19, 6;
    %dup/vec4;
    %pushi/vec4 20, 0, 8;
    %cmp/u;
    %jmp/1 T_1.20, 6;
    %dup/vec4;
    %pushi/vec4 21, 0, 8;
    %cmp/u;
    %jmp/1 T_1.21, 6;
    %dup/vec4;
    %pushi/vec4 22, 0, 8;
    %cmp/u;
    %jmp/1 T_1.22, 6;
    %dup/vec4;
    %pushi/vec4 23, 0, 8;
    %cmp/u;
    %jmp/1 T_1.23, 6;
    %dup/vec4;
    %pushi/vec4 24, 0, 8;
    %cmp/u;
    %jmp/1 T_1.24, 6;
    %dup/vec4;
    %pushi/vec4 25, 0, 8;
    %cmp/u;
    %jmp/1 T_1.25, 6;
    %dup/vec4;
    %pushi/vec4 26, 0, 8;
    %cmp/u;
    %jmp/1 T_1.26, 6;
    %dup/vec4;
    %pushi/vec4 27, 0, 8;
    %cmp/u;
    %jmp/1 T_1.27, 6;
    %dup/vec4;
    %pushi/vec4 28, 0, 8;
    %cmp/u;
    %jmp/1 T_1.28, 6;
    %dup/vec4;
    %pushi/vec4 29, 0, 8;
    %cmp/u;
    %jmp/1 T_1.29, 6;
    %dup/vec4;
    %pushi/vec4 30, 0, 8;
    %cmp/u;
    %jmp/1 T_1.30, 6;
    %dup/vec4;
    %pushi/vec4 31, 0, 8;
    %cmp/u;
    %jmp/1 T_1.31, 6;
    %dup/vec4;
    %pushi/vec4 32, 0, 8;
    %cmp/u;
    %jmp/1 T_1.32, 6;
    %dup/vec4;
    %pushi/vec4 33, 0, 8;
    %cmp/u;
    %jmp/1 T_1.33, 6;
    %dup/vec4;
    %pushi/vec4 34, 0, 8;
    %cmp/u;
    %jmp/1 T_1.34, 6;
    %dup/vec4;
    %pushi/vec4 35, 0, 8;
    %cmp/u;
    %jmp/1 T_1.35, 6;
    %dup/vec4;
    %pushi/vec4 36, 0, 8;
    %cmp/u;
    %jmp/1 T_1.36, 6;
    %dup/vec4;
    %pushi/vec4 37, 0, 8;
    %cmp/u;
    %jmp/1 T_1.37, 6;
    %dup/vec4;
    %pushi/vec4 38, 0, 8;
    %cmp/u;
    %jmp/1 T_1.38, 6;
    %dup/vec4;
    %pushi/vec4 39, 0, 8;
    %cmp/u;
    %jmp/1 T_1.39, 6;
    %dup/vec4;
    %pushi/vec4 40, 0, 8;
    %cmp/u;
    %jmp/1 T_1.40, 6;
    %dup/vec4;
    %pushi/vec4 41, 0, 8;
    %cmp/u;
    %jmp/1 T_1.41, 6;
    %dup/vec4;
    %pushi/vec4 42, 0, 8;
    %cmp/u;
    %jmp/1 T_1.42, 6;
    %dup/vec4;
    %pushi/vec4 43, 0, 8;
    %cmp/u;
    %jmp/1 T_1.43, 6;
    %dup/vec4;
    %pushi/vec4 44, 0, 8;
    %cmp/u;
    %jmp/1 T_1.44, 6;
    %dup/vec4;
    %pushi/vec4 45, 0, 8;
    %cmp/u;
    %jmp/1 T_1.45, 6;
    %dup/vec4;
    %pushi/vec4 46, 0, 8;
    %cmp/u;
    %jmp/1 T_1.46, 6;
    %dup/vec4;
    %pushi/vec4 47, 0, 8;
    %cmp/u;
    %jmp/1 T_1.47, 6;
    %dup/vec4;
    %pushi/vec4 48, 0, 8;
    %cmp/u;
    %jmp/1 T_1.48, 6;
    %dup/vec4;
    %pushi/vec4 49, 0, 8;
    %cmp/u;
    %jmp/1 T_1.49, 6;
    %dup/vec4;
    %pushi/vec4 50, 0, 8;
    %cmp/u;
    %jmp/1 T_1.50, 6;
    %dup/vec4;
    %pushi/vec4 51, 0, 8;
    %cmp/u;
    %jmp/1 T_1.51, 6;
    %dup/vec4;
    %pushi/vec4 52, 0, 8;
    %cmp/u;
    %jmp/1 T_1.52, 6;
    %dup/vec4;
    %pushi/vec4 53, 0, 8;
    %cmp/u;
    %jmp/1 T_1.53, 6;
    %dup/vec4;
    %pushi/vec4 54, 0, 8;
    %cmp/u;
    %jmp/1 T_1.54, 6;
    %dup/vec4;
    %pushi/vec4 55, 0, 8;
    %cmp/u;
    %jmp/1 T_1.55, 6;
    %dup/vec4;
    %pushi/vec4 56, 0, 8;
    %cmp/u;
    %jmp/1 T_1.56, 6;
    %dup/vec4;
    %pushi/vec4 57, 0, 8;
    %cmp/u;
    %jmp/1 T_1.57, 6;
    %dup/vec4;
    %pushi/vec4 58, 0, 8;
    %cmp/u;
    %jmp/1 T_1.58, 6;
    %dup/vec4;
    %pushi/vec4 59, 0, 8;
    %cmp/u;
    %jmp/1 T_1.59, 6;
    %dup/vec4;
    %pushi/vec4 60, 0, 8;
    %cmp/u;
    %jmp/1 T_1.60, 6;
    %dup/vec4;
    %pushi/vec4 61, 0, 8;
    %cmp/u;
    %jmp/1 T_1.61, 6;
    %dup/vec4;
    %pushi/vec4 62, 0, 8;
    %cmp/u;
    %jmp/1 T_1.62, 6;
    %dup/vec4;
    %pushi/vec4 63, 0, 8;
    %cmp/u;
    %jmp/1 T_1.63, 6;
    %dup/vec4;
    %pushi/vec4 64, 0, 8;
    %cmp/u;
    %jmp/1 T_1.64, 6;
    %dup/vec4;
    %pushi/vec4 65, 0, 8;
    %cmp/u;
    %jmp/1 T_1.65, 6;
    %dup/vec4;
    %pushi/vec4 66, 0, 8;
    %cmp/u;
    %jmp/1 T_1.66, 6;
    %dup/vec4;
    %pushi/vec4 67, 0, 8;
    %cmp/u;
    %jmp/1 T_1.67, 6;
    %dup/vec4;
    %pushi/vec4 68, 0, 8;
    %cmp/u;
    %jmp/1 T_1.68, 6;
    %dup/vec4;
    %pushi/vec4 69, 0, 8;
    %cmp/u;
    %jmp/1 T_1.69, 6;
    %dup/vec4;
    %pushi/vec4 70, 0, 8;
    %cmp/u;
    %jmp/1 T_1.70, 6;
    %dup/vec4;
    %pushi/vec4 71, 0, 8;
    %cmp/u;
    %jmp/1 T_1.71, 6;
    %dup/vec4;
    %pushi/vec4 72, 0, 8;
    %cmp/u;
    %jmp/1 T_1.72, 6;
    %dup/vec4;
    %pushi/vec4 73, 0, 8;
    %cmp/u;
    %jmp/1 T_1.73, 6;
    %dup/vec4;
    %pushi/vec4 74, 0, 8;
    %cmp/u;
    %jmp/1 T_1.74, 6;
    %dup/vec4;
    %pushi/vec4 75, 0, 8;
    %cmp/u;
    %jmp/1 T_1.75, 6;
    %dup/vec4;
    %pushi/vec4 76, 0, 8;
    %cmp/u;
    %jmp/1 T_1.76, 6;
    %dup/vec4;
    %pushi/vec4 77, 0, 8;
    %cmp/u;
    %jmp/1 T_1.77, 6;
    %dup/vec4;
    %pushi/vec4 78, 0, 8;
    %cmp/u;
    %jmp/1 T_1.78, 6;
    %dup/vec4;
    %pushi/vec4 79, 0, 8;
    %cmp/u;
    %jmp/1 T_1.79, 6;
    %dup/vec4;
    %pushi/vec4 80, 0, 8;
    %cmp/u;
    %jmp/1 T_1.80, 6;
    %dup/vec4;
    %pushi/vec4 81, 0, 8;
    %cmp/u;
    %jmp/1 T_1.81, 6;
    %dup/vec4;
    %pushi/vec4 82, 0, 8;
    %cmp/u;
    %jmp/1 T_1.82, 6;
    %dup/vec4;
    %pushi/vec4 83, 0, 8;
    %cmp/u;
    %jmp/1 T_1.83, 6;
    %dup/vec4;
    %pushi/vec4 84, 0, 8;
    %cmp/u;
    %jmp/1 T_1.84, 6;
    %dup/vec4;
    %pushi/vec4 85, 0, 8;
    %cmp/u;
    %jmp/1 T_1.85, 6;
    %dup/vec4;
    %pushi/vec4 86, 0, 8;
    %cmp/u;
    %jmp/1 T_1.86, 6;
    %dup/vec4;
    %pushi/vec4 87, 0, 8;
    %cmp/u;
    %jmp/1 T_1.87, 6;
    %dup/vec4;
    %pushi/vec4 88, 0, 8;
    %cmp/u;
    %jmp/1 T_1.88, 6;
    %dup/vec4;
    %pushi/vec4 89, 0, 8;
    %cmp/u;
    %jmp/1 T_1.89, 6;
    %dup/vec4;
    %pushi/vec4 90, 0, 8;
    %cmp/u;
    %jmp/1 T_1.90, 6;
    %dup/vec4;
    %pushi/vec4 91, 0, 8;
    %cmp/u;
    %jmp/1 T_1.91, 6;
    %dup/vec4;
    %pushi/vec4 92, 0, 8;
    %cmp/u;
    %jmp/1 T_1.92, 6;
    %dup/vec4;
    %pushi/vec4 93, 0, 8;
    %cmp/u;
    %jmp/1 T_1.93, 6;
    %dup/vec4;
    %pushi/vec4 94, 0, 8;
    %cmp/u;
    %jmp/1 T_1.94, 6;
    %dup/vec4;
    %pushi/vec4 95, 0, 8;
    %cmp/u;
    %jmp/1 T_1.95, 6;
    %dup/vec4;
    %pushi/vec4 96, 0, 8;
    %cmp/u;
    %jmp/1 T_1.96, 6;
    %dup/vec4;
    %pushi/vec4 97, 0, 8;
    %cmp/u;
    %jmp/1 T_1.97, 6;
    %dup/vec4;
    %pushi/vec4 98, 0, 8;
    %cmp/u;
    %jmp/1 T_1.98, 6;
    %dup/vec4;
    %pushi/vec4 99, 0, 8;
    %cmp/u;
    %jmp/1 T_1.99, 6;
    %dup/vec4;
    %pushi/vec4 100, 0, 8;
    %cmp/u;
    %jmp/1 T_1.100, 6;
    %dup/vec4;
    %pushi/vec4 101, 0, 8;
    %cmp/u;
    %jmp/1 T_1.101, 6;
    %dup/vec4;
    %pushi/vec4 102, 0, 8;
    %cmp/u;
    %jmp/1 T_1.102, 6;
    %dup/vec4;
    %pushi/vec4 103, 0, 8;
    %cmp/u;
    %jmp/1 T_1.103, 6;
    %dup/vec4;
    %pushi/vec4 104, 0, 8;
    %cmp/u;
    %jmp/1 T_1.104, 6;
    %dup/vec4;
    %pushi/vec4 105, 0, 8;
    %cmp/u;
    %jmp/1 T_1.105, 6;
    %dup/vec4;
    %pushi/vec4 106, 0, 8;
    %cmp/u;
    %jmp/1 T_1.106, 6;
    %dup/vec4;
    %pushi/vec4 107, 0, 8;
    %cmp/u;
    %jmp/1 T_1.107, 6;
    %dup/vec4;
    %pushi/vec4 108, 0, 8;
    %cmp/u;
    %jmp/1 T_1.108, 6;
    %dup/vec4;
    %pushi/vec4 109, 0, 8;
    %cmp/u;
    %jmp/1 T_1.109, 6;
    %dup/vec4;
    %pushi/vec4 110, 0, 8;
    %cmp/u;
    %jmp/1 T_1.110, 6;
    %dup/vec4;
    %pushi/vec4 111, 0, 8;
    %cmp/u;
    %jmp/1 T_1.111, 6;
    %dup/vec4;
    %pushi/vec4 112, 0, 8;
    %cmp/u;
    %jmp/1 T_1.112, 6;
    %dup/vec4;
    %pushi/vec4 113, 0, 8;
    %cmp/u;
    %jmp/1 T_1.113, 6;
    %dup/vec4;
    %pushi/vec4 114, 0, 8;
    %cmp/u;
    %jmp/1 T_1.114, 6;
    %dup/vec4;
    %pushi/vec4 115, 0, 8;
    %cmp/u;
    %jmp/1 T_1.115, 6;
    %dup/vec4;
    %pushi/vec4 116, 0, 8;
    %cmp/u;
    %jmp/1 T_1.116, 6;
    %dup/vec4;
    %pushi/vec4 117, 0, 8;
    %cmp/u;
    %jmp/1 T_1.117, 6;
    %dup/vec4;
    %pushi/vec4 118, 0, 8;
    %cmp/u;
    %jmp/1 T_1.118, 6;
    %dup/vec4;
    %pushi/vec4 119, 0, 8;
    %cmp/u;
    %jmp/1 T_1.119, 6;
    %dup/vec4;
    %pushi/vec4 120, 0, 8;
    %cmp/u;
    %jmp/1 T_1.120, 6;
    %dup/vec4;
    %pushi/vec4 121, 0, 8;
    %cmp/u;
    %jmp/1 T_1.121, 6;
    %dup/vec4;
    %pushi/vec4 122, 0, 8;
    %cmp/u;
    %jmp/1 T_1.122, 6;
    %dup/vec4;
    %pushi/vec4 123, 0, 8;
    %cmp/u;
    %jmp/1 T_1.123, 6;
    %dup/vec4;
    %pushi/vec4 124, 0, 8;
    %cmp/u;
    %jmp/1 T_1.124, 6;
    %dup/vec4;
    %pushi/vec4 125, 0, 8;
    %cmp/u;
    %jmp/1 T_1.125, 6;
    %dup/vec4;
    %pushi/vec4 126, 0, 8;
    %cmp/u;
    %jmp/1 T_1.126, 6;
    %dup/vec4;
    %pushi/vec4 127, 0, 8;
    %cmp/u;
    %jmp/1 T_1.127, 6;
    %dup/vec4;
    %pushi/vec4 128, 0, 8;
    %cmp/u;
    %jmp/1 T_1.128, 6;
    %dup/vec4;
    %pushi/vec4 129, 0, 8;
    %cmp/u;
    %jmp/1 T_1.129, 6;
    %dup/vec4;
    %pushi/vec4 130, 0, 8;
    %cmp/u;
    %jmp/1 T_1.130, 6;
    %dup/vec4;
    %pushi/vec4 131, 0, 8;
    %cmp/u;
    %jmp/1 T_1.131, 6;
    %dup/vec4;
    %pushi/vec4 132, 0, 8;
    %cmp/u;
    %jmp/1 T_1.132, 6;
    %dup/vec4;
    %pushi/vec4 133, 0, 8;
    %cmp/u;
    %jmp/1 T_1.133, 6;
    %dup/vec4;
    %pushi/vec4 134, 0, 8;
    %cmp/u;
    %jmp/1 T_1.134, 6;
    %dup/vec4;
    %pushi/vec4 135, 0, 8;
    %cmp/u;
    %jmp/1 T_1.135, 6;
    %dup/vec4;
    %pushi/vec4 136, 0, 8;
    %cmp/u;
    %jmp/1 T_1.136, 6;
    %dup/vec4;
    %pushi/vec4 137, 0, 8;
    %cmp/u;
    %jmp/1 T_1.137, 6;
    %dup/vec4;
    %pushi/vec4 138, 0, 8;
    %cmp/u;
    %jmp/1 T_1.138, 6;
    %dup/vec4;
    %pushi/vec4 139, 0, 8;
    %cmp/u;
    %jmp/1 T_1.139, 6;
    %dup/vec4;
    %pushi/vec4 140, 0, 8;
    %cmp/u;
    %jmp/1 T_1.140, 6;
    %dup/vec4;
    %pushi/vec4 141, 0, 8;
    %cmp/u;
    %jmp/1 T_1.141, 6;
    %dup/vec4;
    %pushi/vec4 142, 0, 8;
    %cmp/u;
    %jmp/1 T_1.142, 6;
    %dup/vec4;
    %pushi/vec4 143, 0, 8;
    %cmp/u;
    %jmp/1 T_1.143, 6;
    %dup/vec4;
    %pushi/vec4 144, 0, 8;
    %cmp/u;
    %jmp/1 T_1.144, 6;
    %dup/vec4;
    %pushi/vec4 145, 0, 8;
    %cmp/u;
    %jmp/1 T_1.145, 6;
    %dup/vec4;
    %pushi/vec4 146, 0, 8;
    %cmp/u;
    %jmp/1 T_1.146, 6;
    %dup/vec4;
    %pushi/vec4 147, 0, 8;
    %cmp/u;
    %jmp/1 T_1.147, 6;
    %dup/vec4;
    %pushi/vec4 148, 0, 8;
    %cmp/u;
    %jmp/1 T_1.148, 6;
    %dup/vec4;
    %pushi/vec4 149, 0, 8;
    %cmp/u;
    %jmp/1 T_1.149, 6;
    %dup/vec4;
    %pushi/vec4 150, 0, 8;
    %cmp/u;
    %jmp/1 T_1.150, 6;
    %dup/vec4;
    %pushi/vec4 151, 0, 8;
    %cmp/u;
    %jmp/1 T_1.151, 6;
    %dup/vec4;
    %pushi/vec4 152, 0, 8;
    %cmp/u;
    %jmp/1 T_1.152, 6;
    %dup/vec4;
    %pushi/vec4 153, 0, 8;
    %cmp/u;
    %jmp/1 T_1.153, 6;
    %dup/vec4;
    %pushi/vec4 154, 0, 8;
    %cmp/u;
    %jmp/1 T_1.154, 6;
    %dup/vec4;
    %pushi/vec4 155, 0, 8;
    %cmp/u;
    %jmp/1 T_1.155, 6;
    %dup/vec4;
    %pushi/vec4 156, 0, 8;
    %cmp/u;
    %jmp/1 T_1.156, 6;
    %dup/vec4;
    %pushi/vec4 157, 0, 8;
    %cmp/u;
    %jmp/1 T_1.157, 6;
    %dup/vec4;
    %pushi/vec4 158, 0, 8;
    %cmp/u;
    %jmp/1 T_1.158, 6;
    %dup/vec4;
    %pushi/vec4 159, 0, 8;
    %cmp/u;
    %jmp/1 T_1.159, 6;
    %dup/vec4;
    %pushi/vec4 160, 0, 8;
    %cmp/u;
    %jmp/1 T_1.160, 6;
    %dup/vec4;
    %pushi/vec4 161, 0, 8;
    %cmp/u;
    %jmp/1 T_1.161, 6;
    %dup/vec4;
    %pushi/vec4 162, 0, 8;
    %cmp/u;
    %jmp/1 T_1.162, 6;
    %dup/vec4;
    %pushi/vec4 163, 0, 8;
    %cmp/u;
    %jmp/1 T_1.163, 6;
    %dup/vec4;
    %pushi/vec4 164, 0, 8;
    %cmp/u;
    %jmp/1 T_1.164, 6;
    %dup/vec4;
    %pushi/vec4 165, 0, 8;
    %cmp/u;
    %jmp/1 T_1.165, 6;
    %dup/vec4;
    %pushi/vec4 166, 0, 8;
    %cmp/u;
    %jmp/1 T_1.166, 6;
    %dup/vec4;
    %pushi/vec4 167, 0, 8;
    %cmp/u;
    %jmp/1 T_1.167, 6;
    %dup/vec4;
    %pushi/vec4 168, 0, 8;
    %cmp/u;
    %jmp/1 T_1.168, 6;
    %dup/vec4;
    %pushi/vec4 169, 0, 8;
    %cmp/u;
    %jmp/1 T_1.169, 6;
    %dup/vec4;
    %pushi/vec4 170, 0, 8;
    %cmp/u;
    %jmp/1 T_1.170, 6;
    %dup/vec4;
    %pushi/vec4 171, 0, 8;
    %cmp/u;
    %jmp/1 T_1.171, 6;
    %dup/vec4;
    %pushi/vec4 172, 0, 8;
    %cmp/u;
    %jmp/1 T_1.172, 6;
    %dup/vec4;
    %pushi/vec4 173, 0, 8;
    %cmp/u;
    %jmp/1 T_1.173, 6;
    %dup/vec4;
    %pushi/vec4 174, 0, 8;
    %cmp/u;
    %jmp/1 T_1.174, 6;
    %dup/vec4;
    %pushi/vec4 175, 0, 8;
    %cmp/u;
    %jmp/1 T_1.175, 6;
    %dup/vec4;
    %pushi/vec4 176, 0, 8;
    %cmp/u;
    %jmp/1 T_1.176, 6;
    %dup/vec4;
    %pushi/vec4 177, 0, 8;
    %cmp/u;
    %jmp/1 T_1.177, 6;
    %dup/vec4;
    %pushi/vec4 178, 0, 8;
    %cmp/u;
    %jmp/1 T_1.178, 6;
    %dup/vec4;
    %pushi/vec4 179, 0, 8;
    %cmp/u;
    %jmp/1 T_1.179, 6;
    %dup/vec4;
    %pushi/vec4 180, 0, 8;
    %cmp/u;
    %jmp/1 T_1.180, 6;
    %dup/vec4;
    %pushi/vec4 181, 0, 8;
    %cmp/u;
    %jmp/1 T_1.181, 6;
    %dup/vec4;
    %pushi/vec4 182, 0, 8;
    %cmp/u;
    %jmp/1 T_1.182, 6;
    %dup/vec4;
    %pushi/vec4 183, 0, 8;
    %cmp/u;
    %jmp/1 T_1.183, 6;
    %dup/vec4;
    %pushi/vec4 184, 0, 8;
    %cmp/u;
    %jmp/1 T_1.184, 6;
    %dup/vec4;
    %pushi/vec4 185, 0, 8;
    %cmp/u;
    %jmp/1 T_1.185, 6;
    %dup/vec4;
    %pushi/vec4 186, 0, 8;
    %cmp/u;
    %jmp/1 T_1.186, 6;
    %dup/vec4;
    %pushi/vec4 187, 0, 8;
    %cmp/u;
    %jmp/1 T_1.187, 6;
    %dup/vec4;
    %pushi/vec4 188, 0, 8;
    %cmp/u;
    %jmp/1 T_1.188, 6;
    %dup/vec4;
    %pushi/vec4 189, 0, 8;
    %cmp/u;
    %jmp/1 T_1.189, 6;
    %dup/vec4;
    %pushi/vec4 190, 0, 8;
    %cmp/u;
    %jmp/1 T_1.190, 6;
    %dup/vec4;
    %pushi/vec4 191, 0, 8;
    %cmp/u;
    %jmp/1 T_1.191, 6;
    %dup/vec4;
    %pushi/vec4 192, 0, 8;
    %cmp/u;
    %jmp/1 T_1.192, 6;
    %dup/vec4;
    %pushi/vec4 193, 0, 8;
    %cmp/u;
    %jmp/1 T_1.193, 6;
    %dup/vec4;
    %pushi/vec4 194, 0, 8;
    %cmp/u;
    %jmp/1 T_1.194, 6;
    %dup/vec4;
    %pushi/vec4 195, 0, 8;
    %cmp/u;
    %jmp/1 T_1.195, 6;
    %dup/vec4;
    %pushi/vec4 196, 0, 8;
    %cmp/u;
    %jmp/1 T_1.196, 6;
    %dup/vec4;
    %pushi/vec4 197, 0, 8;
    %cmp/u;
    %jmp/1 T_1.197, 6;
    %dup/vec4;
    %pushi/vec4 198, 0, 8;
    %cmp/u;
    %jmp/1 T_1.198, 6;
    %dup/vec4;
    %pushi/vec4 199, 0, 8;
    %cmp/u;
    %jmp/1 T_1.199, 6;
    %dup/vec4;
    %pushi/vec4 200, 0, 8;
    %cmp/u;
    %jmp/1 T_1.200, 6;
    %dup/vec4;
    %pushi/vec4 201, 0, 8;
    %cmp/u;
    %jmp/1 T_1.201, 6;
    %dup/vec4;
    %pushi/vec4 202, 0, 8;
    %cmp/u;
    %jmp/1 T_1.202, 6;
    %dup/vec4;
    %pushi/vec4 203, 0, 8;
    %cmp/u;
    %jmp/1 T_1.203, 6;
    %dup/vec4;
    %pushi/vec4 204, 0, 8;
    %cmp/u;
    %jmp/1 T_1.204, 6;
    %dup/vec4;
    %pushi/vec4 205, 0, 8;
    %cmp/u;
    %jmp/1 T_1.205, 6;
    %dup/vec4;
    %pushi/vec4 206, 0, 8;
    %cmp/u;
    %jmp/1 T_1.206, 6;
    %dup/vec4;
    %pushi/vec4 207, 0, 8;
    %cmp/u;
    %jmp/1 T_1.207, 6;
    %dup/vec4;
    %pushi/vec4 208, 0, 8;
    %cmp/u;
    %jmp/1 T_1.208, 6;
    %dup/vec4;
    %pushi/vec4 209, 0, 8;
    %cmp/u;
    %jmp/1 T_1.209, 6;
    %dup/vec4;
    %pushi/vec4 210, 0, 8;
    %cmp/u;
    %jmp/1 T_1.210, 6;
    %dup/vec4;
    %pushi/vec4 211, 0, 8;
    %cmp/u;
    %jmp/1 T_1.211, 6;
    %dup/vec4;
    %pushi/vec4 212, 0, 8;
    %cmp/u;
    %jmp/1 T_1.212, 6;
    %dup/vec4;
    %pushi/vec4 213, 0, 8;
    %cmp/u;
    %jmp/1 T_1.213, 6;
    %dup/vec4;
    %pushi/vec4 214, 0, 8;
    %cmp/u;
    %jmp/1 T_1.214, 6;
    %dup/vec4;
    %pushi/vec4 215, 0, 8;
    %cmp/u;
    %jmp/1 T_1.215, 6;
    %dup/vec4;
    %pushi/vec4 216, 0, 8;
    %cmp/u;
    %jmp/1 T_1.216, 6;
    %dup/vec4;
    %pushi/vec4 217, 0, 8;
    %cmp/u;
    %jmp/1 T_1.217, 6;
    %dup/vec4;
    %pushi/vec4 218, 0, 8;
    %cmp/u;
    %jmp/1 T_1.218, 6;
    %dup/vec4;
    %pushi/vec4 219, 0, 8;
    %cmp/u;
    %jmp/1 T_1.219, 6;
    %dup/vec4;
    %pushi/vec4 220, 0, 8;
    %cmp/u;
    %jmp/1 T_1.220, 6;
    %dup/vec4;
    %pushi/vec4 221, 0, 8;
    %cmp/u;
    %jmp/1 T_1.221, 6;
    %dup/vec4;
    %pushi/vec4 222, 0, 8;
    %cmp/u;
    %jmp/1 T_1.222, 6;
    %dup/vec4;
    %pushi/vec4 223, 0, 8;
    %cmp/u;
    %jmp/1 T_1.223, 6;
    %dup/vec4;
    %pushi/vec4 224, 0, 8;
    %cmp/u;
    %jmp/1 T_1.224, 6;
    %dup/vec4;
    %pushi/vec4 225, 0, 8;
    %cmp/u;
    %jmp/1 T_1.225, 6;
    %dup/vec4;
    %pushi/vec4 226, 0, 8;
    %cmp/u;
    %jmp/1 T_1.226, 6;
    %dup/vec4;
    %pushi/vec4 227, 0, 8;
    %cmp/u;
    %jmp/1 T_1.227, 6;
    %dup/vec4;
    %pushi/vec4 228, 0, 8;
    %cmp/u;
    %jmp/1 T_1.228, 6;
    %dup/vec4;
    %pushi/vec4 229, 0, 8;
    %cmp/u;
    %jmp/1 T_1.229, 6;
    %dup/vec4;
    %pushi/vec4 230, 0, 8;
    %cmp/u;
    %jmp/1 T_1.230, 6;
    %dup/vec4;
    %pushi/vec4 231, 0, 8;
    %cmp/u;
    %jmp/1 T_1.231, 6;
    %dup/vec4;
    %pushi/vec4 232, 0, 8;
    %cmp/u;
    %jmp/1 T_1.232, 6;
    %dup/vec4;
    %pushi/vec4 233, 0, 8;
    %cmp/u;
    %jmp/1 T_1.233, 6;
    %dup/vec4;
    %pushi/vec4 234, 0, 8;
    %cmp/u;
    %jmp/1 T_1.234, 6;
    %dup/vec4;
    %pushi/vec4 235, 0, 8;
    %cmp/u;
    %jmp/1 T_1.235, 6;
    %dup/vec4;
    %pushi/vec4 236, 0, 8;
    %cmp/u;
    %jmp/1 T_1.236, 6;
    %dup/vec4;
    %pushi/vec4 237, 0, 8;
    %cmp/u;
    %jmp/1 T_1.237, 6;
    %dup/vec4;
    %pushi/vec4 238, 0, 8;
    %cmp/u;
    %jmp/1 T_1.238, 6;
    %dup/vec4;
    %pushi/vec4 239, 0, 8;
    %cmp/u;
    %jmp/1 T_1.239, 6;
    %dup/vec4;
    %pushi/vec4 240, 0, 8;
    %cmp/u;
    %jmp/1 T_1.240, 6;
    %dup/vec4;
    %pushi/vec4 241, 0, 8;
    %cmp/u;
    %jmp/1 T_1.241, 6;
    %dup/vec4;
    %pushi/vec4 242, 0, 8;
    %cmp/u;
    %jmp/1 T_1.242, 6;
    %dup/vec4;
    %pushi/vec4 243, 0, 8;
    %cmp/u;
    %jmp/1 T_1.243, 6;
    %dup/vec4;
    %pushi/vec4 244, 0, 8;
    %cmp/u;
    %jmp/1 T_1.244, 6;
    %dup/vec4;
    %pushi/vec4 245, 0, 8;
    %cmp/u;
    %jmp/1 T_1.245, 6;
    %dup/vec4;
    %pushi/vec4 246, 0, 8;
    %cmp/u;
    %jmp/1 T_1.246, 6;
    %dup/vec4;
    %pushi/vec4 247, 0, 8;
    %cmp/u;
    %jmp/1 T_1.247, 6;
    %dup/vec4;
    %pushi/vec4 248, 0, 8;
    %cmp/u;
    %jmp/1 T_1.248, 6;
    %dup/vec4;
    %pushi/vec4 249, 0, 8;
    %cmp/u;
    %jmp/1 T_1.249, 6;
    %dup/vec4;
    %pushi/vec4 250, 0, 8;
    %cmp/u;
    %jmp/1 T_1.250, 6;
    %dup/vec4;
    %pushi/vec4 251, 0, 8;
    %cmp/u;
    %jmp/1 T_1.251, 6;
    %dup/vec4;
    %pushi/vec4 252, 0, 8;
    %cmp/u;
    %jmp/1 T_1.252, 6;
    %dup/vec4;
    %pushi/vec4 253, 0, 8;
    %cmp/u;
    %jmp/1 T_1.253, 6;
    %dup/vec4;
    %pushi/vec4 254, 0, 8;
    %cmp/u;
    %jmp/1 T_1.254, 6;
    %dup/vec4;
    %pushi/vec4 255, 0, 8;
    %cmp/u;
    %jmp/1 T_1.255, 6;
    %pushi/vec4 0, 0, 8;
    %store/vec4 v0x102c15b70_0, 0, 8;
    %jmp T_1.257;
T_1.0 ;
    %pushi/vec4 99, 0, 8;
    %store/vec4 v0x102c15b70_0, 0, 8;
    %jmp T_1.257;
T_1.1 ;
    %pushi/vec4 124, 0, 8;
    %store/vec4 v0x102c15b70_0, 0, 8;
    %jmp T_1.257;
T_1.2 ;
    %pushi/vec4 119, 0, 8;
    %store/vec4 v0x102c15b70_0, 0, 8;
    %jmp T_1.257;
T_1.3 ;
    %pushi/vec4 123, 0, 8;
    %store/vec4 v0x102c15b70_0, 0, 8;
    %jmp T_1.257;
T_1.4 ;
    %pushi/vec4 242, 0, 8;
    %store/vec4 v0x102c15b70_0, 0, 8;
    %jmp T_1.257;
T_1.5 ;
    %pushi/vec4 107, 0, 8;
    %store/vec4 v0x102c15b70_0, 0, 8;
    %jmp T_1.257;
T_1.6 ;
    %pushi/vec4 111, 0, 8;
    %store/vec4 v0x102c15b70_0, 0, 8;
    %jmp T_1.257;
T_1.7 ;
    %pushi/vec4 197, 0, 8;
    %store/vec4 v0x102c15b70_0, 0, 8;
    %jmp T_1.257;
T_1.8 ;
    %pushi/vec4 48, 0, 8;
    %store/vec4 v0x102c15b70_0, 0, 8;
    %jmp T_1.257;
T_1.9 ;
    %pushi/vec4 1, 0, 8;
    %store/vec4 v0x102c15b70_0, 0, 8;
    %jmp T_1.257;
T_1.10 ;
    %pushi/vec4 103, 0, 8;
    %store/vec4 v0x102c15b70_0, 0, 8;
    %jmp T_1.257;
T_1.11 ;
    %pushi/vec4 43, 0, 8;
    %store/vec4 v0x102c15b70_0, 0, 8;
    %jmp T_1.257;
T_1.12 ;
    %pushi/vec4 254, 0, 8;
    %store/vec4 v0x102c15b70_0, 0, 8;
    %jmp T_1.257;
T_1.13 ;
    %pushi/vec4 215, 0, 8;
    %store/vec4 v0x102c15b70_0, 0, 8;
    %jmp T_1.257;
T_1.14 ;
    %pushi/vec4 171, 0, 8;
    %store/vec4 v0x102c15b70_0, 0, 8;
    %jmp T_1.257;
T_1.15 ;
    %pushi/vec4 118, 0, 8;
    %store/vec4 v0x102c15b70_0, 0, 8;
    %jmp T_1.257;
T_1.16 ;
    %pushi/vec4 202, 0, 8;
    %store/vec4 v0x102c15b70_0, 0, 8;
    %jmp T_1.257;
T_1.17 ;
    %pushi/vec4 130, 0, 8;
    %store/vec4 v0x102c15b70_0, 0, 8;
    %jmp T_1.257;
T_1.18 ;
    %pushi/vec4 201, 0, 8;
    %store/vec4 v0x102c15b70_0, 0, 8;
    %jmp T_1.257;
T_1.19 ;
    %pushi/vec4 125, 0, 8;
    %store/vec4 v0x102c15b70_0, 0, 8;
    %jmp T_1.257;
T_1.20 ;
    %pushi/vec4 250, 0, 8;
    %store/vec4 v0x102c15b70_0, 0, 8;
    %jmp T_1.257;
T_1.21 ;
    %pushi/vec4 89, 0, 8;
    %store/vec4 v0x102c15b70_0, 0, 8;
    %jmp T_1.257;
T_1.22 ;
    %pushi/vec4 71, 0, 8;
    %store/vec4 v0x102c15b70_0, 0, 8;
    %jmp T_1.257;
T_1.23 ;
    %pushi/vec4 240, 0, 8;
    %store/vec4 v0x102c15b70_0, 0, 8;
    %jmp T_1.257;
T_1.24 ;
    %pushi/vec4 173, 0, 8;
    %store/vec4 v0x102c15b70_0, 0, 8;
    %jmp T_1.257;
T_1.25 ;
    %pushi/vec4 212, 0, 8;
    %store/vec4 v0x102c15b70_0, 0, 8;
    %jmp T_1.257;
T_1.26 ;
    %pushi/vec4 162, 0, 8;
    %store/vec4 v0x102c15b70_0, 0, 8;
    %jmp T_1.257;
T_1.27 ;
    %pushi/vec4 175, 0, 8;
    %store/vec4 v0x102c15b70_0, 0, 8;
    %jmp T_1.257;
T_1.28 ;
    %pushi/vec4 156, 0, 8;
    %store/vec4 v0x102c15b70_0, 0, 8;
    %jmp T_1.257;
T_1.29 ;
    %pushi/vec4 164, 0, 8;
    %store/vec4 v0x102c15b70_0, 0, 8;
    %jmp T_1.257;
T_1.30 ;
    %pushi/vec4 114, 0, 8;
    %store/vec4 v0x102c15b70_0, 0, 8;
    %jmp T_1.257;
T_1.31 ;
    %pushi/vec4 192, 0, 8;
    %store/vec4 v0x102c15b70_0, 0, 8;
    %jmp T_1.257;
T_1.32 ;
    %pushi/vec4 183, 0, 8;
    %store/vec4 v0x102c15b70_0, 0, 8;
    %jmp T_1.257;
T_1.33 ;
    %pushi/vec4 253, 0, 8;
    %store/vec4 v0x102c15b70_0, 0, 8;
    %jmp T_1.257;
T_1.34 ;
    %pushi/vec4 147, 0, 8;
    %store/vec4 v0x102c15b70_0, 0, 8;
    %jmp T_1.257;
T_1.35 ;
    %pushi/vec4 38, 0, 8;
    %store/vec4 v0x102c15b70_0, 0, 8;
    %jmp T_1.257;
T_1.36 ;
    %pushi/vec4 54, 0, 8;
    %store/vec4 v0x102c15b70_0, 0, 8;
    %jmp T_1.257;
T_1.37 ;
    %pushi/vec4 63, 0, 8;
    %store/vec4 v0x102c15b70_0, 0, 8;
    %jmp T_1.257;
T_1.38 ;
    %pushi/vec4 247, 0, 8;
    %store/vec4 v0x102c15b70_0, 0, 8;
    %jmp T_1.257;
T_1.39 ;
    %pushi/vec4 204, 0, 8;
    %store/vec4 v0x102c15b70_0, 0, 8;
    %jmp T_1.257;
T_1.40 ;
    %pushi/vec4 52, 0, 8;
    %store/vec4 v0x102c15b70_0, 0, 8;
    %jmp T_1.257;
T_1.41 ;
    %pushi/vec4 165, 0, 8;
    %store/vec4 v0x102c15b70_0, 0, 8;
    %jmp T_1.257;
T_1.42 ;
    %pushi/vec4 229, 0, 8;
    %store/vec4 v0x102c15b70_0, 0, 8;
    %jmp T_1.257;
T_1.43 ;
    %pushi/vec4 241, 0, 8;
    %store/vec4 v0x102c15b70_0, 0, 8;
    %jmp T_1.257;
T_1.44 ;
    %pushi/vec4 113, 0, 8;
    %store/vec4 v0x102c15b70_0, 0, 8;
    %jmp T_1.257;
T_1.45 ;
    %pushi/vec4 216, 0, 8;
    %store/vec4 v0x102c15b70_0, 0, 8;
    %jmp T_1.257;
T_1.46 ;
    %pushi/vec4 49, 0, 8;
    %store/vec4 v0x102c15b70_0, 0, 8;
    %jmp T_1.257;
T_1.47 ;
    %pushi/vec4 21, 0, 8;
    %store/vec4 v0x102c15b70_0, 0, 8;
    %jmp T_1.257;
T_1.48 ;
    %pushi/vec4 4, 0, 8;
    %store/vec4 v0x102c15b70_0, 0, 8;
    %jmp T_1.257;
T_1.49 ;
    %pushi/vec4 199, 0, 8;
    %store/vec4 v0x102c15b70_0, 0, 8;
    %jmp T_1.257;
T_1.50 ;
    %pushi/vec4 35, 0, 8;
    %store/vec4 v0x102c15b70_0, 0, 8;
    %jmp T_1.257;
T_1.51 ;
    %pushi/vec4 195, 0, 8;
    %store/vec4 v0x102c15b70_0, 0, 8;
    %jmp T_1.257;
T_1.52 ;
    %pushi/vec4 24, 0, 8;
    %store/vec4 v0x102c15b70_0, 0, 8;
    %jmp T_1.257;
T_1.53 ;
    %pushi/vec4 150, 0, 8;
    %store/vec4 v0x102c15b70_0, 0, 8;
    %jmp T_1.257;
T_1.54 ;
    %pushi/vec4 5, 0, 8;
    %store/vec4 v0x102c15b70_0, 0, 8;
    %jmp T_1.257;
T_1.55 ;
    %pushi/vec4 154, 0, 8;
    %store/vec4 v0x102c15b70_0, 0, 8;
    %jmp T_1.257;
T_1.56 ;
    %pushi/vec4 7, 0, 8;
    %store/vec4 v0x102c15b70_0, 0, 8;
    %jmp T_1.257;
T_1.57 ;
    %pushi/vec4 18, 0, 8;
    %store/vec4 v0x102c15b70_0, 0, 8;
    %jmp T_1.257;
T_1.58 ;
    %pushi/vec4 128, 0, 8;
    %store/vec4 v0x102c15b70_0, 0, 8;
    %jmp T_1.257;
T_1.59 ;
    %pushi/vec4 226, 0, 8;
    %store/vec4 v0x102c15b70_0, 0, 8;
    %jmp T_1.257;
T_1.60 ;
    %pushi/vec4 235, 0, 8;
    %store/vec4 v0x102c15b70_0, 0, 8;
    %jmp T_1.257;
T_1.61 ;
    %pushi/vec4 39, 0, 8;
    %store/vec4 v0x102c15b70_0, 0, 8;
    %jmp T_1.257;
T_1.62 ;
    %pushi/vec4 178, 0, 8;
    %store/vec4 v0x102c15b70_0, 0, 8;
    %jmp T_1.257;
T_1.63 ;
    %pushi/vec4 117, 0, 8;
    %store/vec4 v0x102c15b70_0, 0, 8;
    %jmp T_1.257;
T_1.64 ;
    %pushi/vec4 9, 0, 8;
    %store/vec4 v0x102c15b70_0, 0, 8;
    %jmp T_1.257;
T_1.65 ;
    %pushi/vec4 131, 0, 8;
    %store/vec4 v0x102c15b70_0, 0, 8;
    %jmp T_1.257;
T_1.66 ;
    %pushi/vec4 44, 0, 8;
    %store/vec4 v0x102c15b70_0, 0, 8;
    %jmp T_1.257;
T_1.67 ;
    %pushi/vec4 26, 0, 8;
    %store/vec4 v0x102c15b70_0, 0, 8;
    %jmp T_1.257;
T_1.68 ;
    %pushi/vec4 27, 0, 8;
    %store/vec4 v0x102c15b70_0, 0, 8;
    %jmp T_1.257;
T_1.69 ;
    %pushi/vec4 110, 0, 8;
    %store/vec4 v0x102c15b70_0, 0, 8;
    %jmp T_1.257;
T_1.70 ;
    %pushi/vec4 90, 0, 8;
    %store/vec4 v0x102c15b70_0, 0, 8;
    %jmp T_1.257;
T_1.71 ;
    %pushi/vec4 160, 0, 8;
    %store/vec4 v0x102c15b70_0, 0, 8;
    %jmp T_1.257;
T_1.72 ;
    %pushi/vec4 82, 0, 8;
    %store/vec4 v0x102c15b70_0, 0, 8;
    %jmp T_1.257;
T_1.73 ;
    %pushi/vec4 59, 0, 8;
    %store/vec4 v0x102c15b70_0, 0, 8;
    %jmp T_1.257;
T_1.74 ;
    %pushi/vec4 214, 0, 8;
    %store/vec4 v0x102c15b70_0, 0, 8;
    %jmp T_1.257;
T_1.75 ;
    %pushi/vec4 179, 0, 8;
    %store/vec4 v0x102c15b70_0, 0, 8;
    %jmp T_1.257;
T_1.76 ;
    %pushi/vec4 41, 0, 8;
    %store/vec4 v0x102c15b70_0, 0, 8;
    %jmp T_1.257;
T_1.77 ;
    %pushi/vec4 227, 0, 8;
    %store/vec4 v0x102c15b70_0, 0, 8;
    %jmp T_1.257;
T_1.78 ;
    %pushi/vec4 47, 0, 8;
    %store/vec4 v0x102c15b70_0, 0, 8;
    %jmp T_1.257;
T_1.79 ;
    %pushi/vec4 132, 0, 8;
    %store/vec4 v0x102c15b70_0, 0, 8;
    %jmp T_1.257;
T_1.80 ;
    %pushi/vec4 83, 0, 8;
    %store/vec4 v0x102c15b70_0, 0, 8;
    %jmp T_1.257;
T_1.81 ;
    %pushi/vec4 209, 0, 8;
    %store/vec4 v0x102c15b70_0, 0, 8;
    %jmp T_1.257;
T_1.82 ;
    %pushi/vec4 0, 0, 8;
    %store/vec4 v0x102c15b70_0, 0, 8;
    %jmp T_1.257;
T_1.83 ;
    %pushi/vec4 237, 0, 8;
    %store/vec4 v0x102c15b70_0, 0, 8;
    %jmp T_1.257;
T_1.84 ;
    %pushi/vec4 32, 0, 8;
    %store/vec4 v0x102c15b70_0, 0, 8;
    %jmp T_1.257;
T_1.85 ;
    %pushi/vec4 252, 0, 8;
    %store/vec4 v0x102c15b70_0, 0, 8;
    %jmp T_1.257;
T_1.86 ;
    %pushi/vec4 177, 0, 8;
    %store/vec4 v0x102c15b70_0, 0, 8;
    %jmp T_1.257;
T_1.87 ;
    %pushi/vec4 91, 0, 8;
    %store/vec4 v0x102c15b70_0, 0, 8;
    %jmp T_1.257;
T_1.88 ;
    %pushi/vec4 106, 0, 8;
    %store/vec4 v0x102c15b70_0, 0, 8;
    %jmp T_1.257;
T_1.89 ;
    %pushi/vec4 203, 0, 8;
    %store/vec4 v0x102c15b70_0, 0, 8;
    %jmp T_1.257;
T_1.90 ;
    %pushi/vec4 190, 0, 8;
    %store/vec4 v0x102c15b70_0, 0, 8;
    %jmp T_1.257;
T_1.91 ;
    %pushi/vec4 57, 0, 8;
    %store/vec4 v0x102c15b70_0, 0, 8;
    %jmp T_1.257;
T_1.92 ;
    %pushi/vec4 74, 0, 8;
    %store/vec4 v0x102c15b70_0, 0, 8;
    %jmp T_1.257;
T_1.93 ;
    %pushi/vec4 76, 0, 8;
    %store/vec4 v0x102c15b70_0, 0, 8;
    %jmp T_1.257;
T_1.94 ;
    %pushi/vec4 88, 0, 8;
    %store/vec4 v0x102c15b70_0, 0, 8;
    %jmp T_1.257;
T_1.95 ;
    %pushi/vec4 207, 0, 8;
    %store/vec4 v0x102c15b70_0, 0, 8;
    %jmp T_1.257;
T_1.96 ;
    %pushi/vec4 208, 0, 8;
    %store/vec4 v0x102c15b70_0, 0, 8;
    %jmp T_1.257;
T_1.97 ;
    %pushi/vec4 239, 0, 8;
    %store/vec4 v0x102c15b70_0, 0, 8;
    %jmp T_1.257;
T_1.98 ;
    %pushi/vec4 170, 0, 8;
    %store/vec4 v0x102c15b70_0, 0, 8;
    %jmp T_1.257;
T_1.99 ;
    %pushi/vec4 251, 0, 8;
    %store/vec4 v0x102c15b70_0, 0, 8;
    %jmp T_1.257;
T_1.100 ;
    %pushi/vec4 67, 0, 8;
    %store/vec4 v0x102c15b70_0, 0, 8;
    %jmp T_1.257;
T_1.101 ;
    %pushi/vec4 77, 0, 8;
    %store/vec4 v0x102c15b70_0, 0, 8;
    %jmp T_1.257;
T_1.102 ;
    %pushi/vec4 51, 0, 8;
    %store/vec4 v0x102c15b70_0, 0, 8;
    %jmp T_1.257;
T_1.103 ;
    %pushi/vec4 133, 0, 8;
    %store/vec4 v0x102c15b70_0, 0, 8;
    %jmp T_1.257;
T_1.104 ;
    %pushi/vec4 69, 0, 8;
    %store/vec4 v0x102c15b70_0, 0, 8;
    %jmp T_1.257;
T_1.105 ;
    %pushi/vec4 249, 0, 8;
    %store/vec4 v0x102c15b70_0, 0, 8;
    %jmp T_1.257;
T_1.106 ;
    %pushi/vec4 2, 0, 8;
    %store/vec4 v0x102c15b70_0, 0, 8;
    %jmp T_1.257;
T_1.107 ;
    %pushi/vec4 127, 0, 8;
    %store/vec4 v0x102c15b70_0, 0, 8;
    %jmp T_1.257;
T_1.108 ;
    %pushi/vec4 80, 0, 8;
    %store/vec4 v0x102c15b70_0, 0, 8;
    %jmp T_1.257;
T_1.109 ;
    %pushi/vec4 60, 0, 8;
    %store/vec4 v0x102c15b70_0, 0, 8;
    %jmp T_1.257;
T_1.110 ;
    %pushi/vec4 159, 0, 8;
    %store/vec4 v0x102c15b70_0, 0, 8;
    %jmp T_1.257;
T_1.111 ;
    %pushi/vec4 168, 0, 8;
    %store/vec4 v0x102c15b70_0, 0, 8;
    %jmp T_1.257;
T_1.112 ;
    %pushi/vec4 81, 0, 8;
    %store/vec4 v0x102c15b70_0, 0, 8;
    %jmp T_1.257;
T_1.113 ;
    %pushi/vec4 163, 0, 8;
    %store/vec4 v0x102c15b70_0, 0, 8;
    %jmp T_1.257;
T_1.114 ;
    %pushi/vec4 64, 0, 8;
    %store/vec4 v0x102c15b70_0, 0, 8;
    %jmp T_1.257;
T_1.115 ;
    %pushi/vec4 143, 0, 8;
    %store/vec4 v0x102c15b70_0, 0, 8;
    %jmp T_1.257;
T_1.116 ;
    %pushi/vec4 146, 0, 8;
    %store/vec4 v0x102c15b70_0, 0, 8;
    %jmp T_1.257;
T_1.117 ;
    %pushi/vec4 157, 0, 8;
    %store/vec4 v0x102c15b70_0, 0, 8;
    %jmp T_1.257;
T_1.118 ;
    %pushi/vec4 56, 0, 8;
    %store/vec4 v0x102c15b70_0, 0, 8;
    %jmp T_1.257;
T_1.119 ;
    %pushi/vec4 245, 0, 8;
    %store/vec4 v0x102c15b70_0, 0, 8;
    %jmp T_1.257;
T_1.120 ;
    %pushi/vec4 188, 0, 8;
    %store/vec4 v0x102c15b70_0, 0, 8;
    %jmp T_1.257;
T_1.121 ;
    %pushi/vec4 182, 0, 8;
    %store/vec4 v0x102c15b70_0, 0, 8;
    %jmp T_1.257;
T_1.122 ;
    %pushi/vec4 218, 0, 8;
    %store/vec4 v0x102c15b70_0, 0, 8;
    %jmp T_1.257;
T_1.123 ;
    %pushi/vec4 33, 0, 8;
    %store/vec4 v0x102c15b70_0, 0, 8;
    %jmp T_1.257;
T_1.124 ;
    %pushi/vec4 16, 0, 8;
    %store/vec4 v0x102c15b70_0, 0, 8;
    %jmp T_1.257;
T_1.125 ;
    %pushi/vec4 255, 0, 8;
    %store/vec4 v0x102c15b70_0, 0, 8;
    %jmp T_1.257;
T_1.126 ;
    %pushi/vec4 243, 0, 8;
    %store/vec4 v0x102c15b70_0, 0, 8;
    %jmp T_1.257;
T_1.127 ;
    %pushi/vec4 210, 0, 8;
    %store/vec4 v0x102c15b70_0, 0, 8;
    %jmp T_1.257;
T_1.128 ;
    %pushi/vec4 205, 0, 8;
    %store/vec4 v0x102c15b70_0, 0, 8;
    %jmp T_1.257;
T_1.129 ;
    %pushi/vec4 12, 0, 8;
    %store/vec4 v0x102c15b70_0, 0, 8;
    %jmp T_1.257;
T_1.130 ;
    %pushi/vec4 19, 0, 8;
    %store/vec4 v0x102c15b70_0, 0, 8;
    %jmp T_1.257;
T_1.131 ;
    %pushi/vec4 236, 0, 8;
    %store/vec4 v0x102c15b70_0, 0, 8;
    %jmp T_1.257;
T_1.132 ;
    %pushi/vec4 95, 0, 8;
    %store/vec4 v0x102c15b70_0, 0, 8;
    %jmp T_1.257;
T_1.133 ;
    %pushi/vec4 151, 0, 8;
    %store/vec4 v0x102c15b70_0, 0, 8;
    %jmp T_1.257;
T_1.134 ;
    %pushi/vec4 68, 0, 8;
    %store/vec4 v0x102c15b70_0, 0, 8;
    %jmp T_1.257;
T_1.135 ;
    %pushi/vec4 23, 0, 8;
    %store/vec4 v0x102c15b70_0, 0, 8;
    %jmp T_1.257;
T_1.136 ;
    %pushi/vec4 196, 0, 8;
    %store/vec4 v0x102c15b70_0, 0, 8;
    %jmp T_1.257;
T_1.137 ;
    %pushi/vec4 167, 0, 8;
    %store/vec4 v0x102c15b70_0, 0, 8;
    %jmp T_1.257;
T_1.138 ;
    %pushi/vec4 126, 0, 8;
    %store/vec4 v0x102c15b70_0, 0, 8;
    %jmp T_1.257;
T_1.139 ;
    %pushi/vec4 61, 0, 8;
    %store/vec4 v0x102c15b70_0, 0, 8;
    %jmp T_1.257;
T_1.140 ;
    %pushi/vec4 100, 0, 8;
    %store/vec4 v0x102c15b70_0, 0, 8;
    %jmp T_1.257;
T_1.141 ;
    %pushi/vec4 93, 0, 8;
    %store/vec4 v0x102c15b70_0, 0, 8;
    %jmp T_1.257;
T_1.142 ;
    %pushi/vec4 25, 0, 8;
    %store/vec4 v0x102c15b70_0, 0, 8;
    %jmp T_1.257;
T_1.143 ;
    %pushi/vec4 115, 0, 8;
    %store/vec4 v0x102c15b70_0, 0, 8;
    %jmp T_1.257;
T_1.144 ;
    %pushi/vec4 96, 0, 8;
    %store/vec4 v0x102c15b70_0, 0, 8;
    %jmp T_1.257;
T_1.145 ;
    %pushi/vec4 129, 0, 8;
    %store/vec4 v0x102c15b70_0, 0, 8;
    %jmp T_1.257;
T_1.146 ;
    %pushi/vec4 79, 0, 8;
    %store/vec4 v0x102c15b70_0, 0, 8;
    %jmp T_1.257;
T_1.147 ;
    %pushi/vec4 220, 0, 8;
    %store/vec4 v0x102c15b70_0, 0, 8;
    %jmp T_1.257;
T_1.148 ;
    %pushi/vec4 34, 0, 8;
    %store/vec4 v0x102c15b70_0, 0, 8;
    %jmp T_1.257;
T_1.149 ;
    %pushi/vec4 42, 0, 8;
    %store/vec4 v0x102c15b70_0, 0, 8;
    %jmp T_1.257;
T_1.150 ;
    %pushi/vec4 144, 0, 8;
    %store/vec4 v0x102c15b70_0, 0, 8;
    %jmp T_1.257;
T_1.151 ;
    %pushi/vec4 136, 0, 8;
    %store/vec4 v0x102c15b70_0, 0, 8;
    %jmp T_1.257;
T_1.152 ;
    %pushi/vec4 70, 0, 8;
    %store/vec4 v0x102c15b70_0, 0, 8;
    %jmp T_1.257;
T_1.153 ;
    %pushi/vec4 238, 0, 8;
    %store/vec4 v0x102c15b70_0, 0, 8;
    %jmp T_1.257;
T_1.154 ;
    %pushi/vec4 184, 0, 8;
    %store/vec4 v0x102c15b70_0, 0, 8;
    %jmp T_1.257;
T_1.155 ;
    %pushi/vec4 20, 0, 8;
    %store/vec4 v0x102c15b70_0, 0, 8;
    %jmp T_1.257;
T_1.156 ;
    %pushi/vec4 222, 0, 8;
    %store/vec4 v0x102c15b70_0, 0, 8;
    %jmp T_1.257;
T_1.157 ;
    %pushi/vec4 94, 0, 8;
    %store/vec4 v0x102c15b70_0, 0, 8;
    %jmp T_1.257;
T_1.158 ;
    %pushi/vec4 11, 0, 8;
    %store/vec4 v0x102c15b70_0, 0, 8;
    %jmp T_1.257;
T_1.159 ;
    %pushi/vec4 219, 0, 8;
    %store/vec4 v0x102c15b70_0, 0, 8;
    %jmp T_1.257;
T_1.160 ;
    %pushi/vec4 224, 0, 8;
    %store/vec4 v0x102c15b70_0, 0, 8;
    %jmp T_1.257;
T_1.161 ;
    %pushi/vec4 50, 0, 8;
    %store/vec4 v0x102c15b70_0, 0, 8;
    %jmp T_1.257;
T_1.162 ;
    %pushi/vec4 58, 0, 8;
    %store/vec4 v0x102c15b70_0, 0, 8;
    %jmp T_1.257;
T_1.163 ;
    %pushi/vec4 10, 0, 8;
    %store/vec4 v0x102c15b70_0, 0, 8;
    %jmp T_1.257;
T_1.164 ;
    %pushi/vec4 73, 0, 8;
    %store/vec4 v0x102c15b70_0, 0, 8;
    %jmp T_1.257;
T_1.165 ;
    %pushi/vec4 6, 0, 8;
    %store/vec4 v0x102c15b70_0, 0, 8;
    %jmp T_1.257;
T_1.166 ;
    %pushi/vec4 36, 0, 8;
    %store/vec4 v0x102c15b70_0, 0, 8;
    %jmp T_1.257;
T_1.167 ;
    %pushi/vec4 92, 0, 8;
    %store/vec4 v0x102c15b70_0, 0, 8;
    %jmp T_1.257;
T_1.168 ;
    %pushi/vec4 194, 0, 8;
    %store/vec4 v0x102c15b70_0, 0, 8;
    %jmp T_1.257;
T_1.169 ;
    %pushi/vec4 211, 0, 8;
    %store/vec4 v0x102c15b70_0, 0, 8;
    %jmp T_1.257;
T_1.170 ;
    %pushi/vec4 172, 0, 8;
    %store/vec4 v0x102c15b70_0, 0, 8;
    %jmp T_1.257;
T_1.171 ;
    %pushi/vec4 98, 0, 8;
    %store/vec4 v0x102c15b70_0, 0, 8;
    %jmp T_1.257;
T_1.172 ;
    %pushi/vec4 145, 0, 8;
    %store/vec4 v0x102c15b70_0, 0, 8;
    %jmp T_1.257;
T_1.173 ;
    %pushi/vec4 149, 0, 8;
    %store/vec4 v0x102c15b70_0, 0, 8;
    %jmp T_1.257;
T_1.174 ;
    %pushi/vec4 228, 0, 8;
    %store/vec4 v0x102c15b70_0, 0, 8;
    %jmp T_1.257;
T_1.175 ;
    %pushi/vec4 121, 0, 8;
    %store/vec4 v0x102c15b70_0, 0, 8;
    %jmp T_1.257;
T_1.176 ;
    %pushi/vec4 231, 0, 8;
    %store/vec4 v0x102c15b70_0, 0, 8;
    %jmp T_1.257;
T_1.177 ;
    %pushi/vec4 200, 0, 8;
    %store/vec4 v0x102c15b70_0, 0, 8;
    %jmp T_1.257;
T_1.178 ;
    %pushi/vec4 55, 0, 8;
    %store/vec4 v0x102c15b70_0, 0, 8;
    %jmp T_1.257;
T_1.179 ;
    %pushi/vec4 109, 0, 8;
    %store/vec4 v0x102c15b70_0, 0, 8;
    %jmp T_1.257;
T_1.180 ;
    %pushi/vec4 141, 0, 8;
    %store/vec4 v0x102c15b70_0, 0, 8;
    %jmp T_1.257;
T_1.181 ;
    %pushi/vec4 213, 0, 8;
    %store/vec4 v0x102c15b70_0, 0, 8;
    %jmp T_1.257;
T_1.182 ;
    %pushi/vec4 78, 0, 8;
    %store/vec4 v0x102c15b70_0, 0, 8;
    %jmp T_1.257;
T_1.183 ;
    %pushi/vec4 169, 0, 8;
    %store/vec4 v0x102c15b70_0, 0, 8;
    %jmp T_1.257;
T_1.184 ;
    %pushi/vec4 108, 0, 8;
    %store/vec4 v0x102c15b70_0, 0, 8;
    %jmp T_1.257;
T_1.185 ;
    %pushi/vec4 86, 0, 8;
    %store/vec4 v0x102c15b70_0, 0, 8;
    %jmp T_1.257;
T_1.186 ;
    %pushi/vec4 244, 0, 8;
    %store/vec4 v0x102c15b70_0, 0, 8;
    %jmp T_1.257;
T_1.187 ;
    %pushi/vec4 234, 0, 8;
    %store/vec4 v0x102c15b70_0, 0, 8;
    %jmp T_1.257;
T_1.188 ;
    %pushi/vec4 101, 0, 8;
    %store/vec4 v0x102c15b70_0, 0, 8;
    %jmp T_1.257;
T_1.189 ;
    %pushi/vec4 122, 0, 8;
    %store/vec4 v0x102c15b70_0, 0, 8;
    %jmp T_1.257;
T_1.190 ;
    %pushi/vec4 174, 0, 8;
    %store/vec4 v0x102c15b70_0, 0, 8;
    %jmp T_1.257;
T_1.191 ;
    %pushi/vec4 8, 0, 8;
    %store/vec4 v0x102c15b70_0, 0, 8;
    %jmp T_1.257;
T_1.192 ;
    %pushi/vec4 186, 0, 8;
    %store/vec4 v0x102c15b70_0, 0, 8;
    %jmp T_1.257;
T_1.193 ;
    %pushi/vec4 120, 0, 8;
    %store/vec4 v0x102c15b70_0, 0, 8;
    %jmp T_1.257;
T_1.194 ;
    %pushi/vec4 37, 0, 8;
    %store/vec4 v0x102c15b70_0, 0, 8;
    %jmp T_1.257;
T_1.195 ;
    %pushi/vec4 46, 0, 8;
    %store/vec4 v0x102c15b70_0, 0, 8;
    %jmp T_1.257;
T_1.196 ;
    %pushi/vec4 28, 0, 8;
    %store/vec4 v0x102c15b70_0, 0, 8;
    %jmp T_1.257;
T_1.197 ;
    %pushi/vec4 166, 0, 8;
    %store/vec4 v0x102c15b70_0, 0, 8;
    %jmp T_1.257;
T_1.198 ;
    %pushi/vec4 180, 0, 8;
    %store/vec4 v0x102c15b70_0, 0, 8;
    %jmp T_1.257;
T_1.199 ;
    %pushi/vec4 198, 0, 8;
    %store/vec4 v0x102c15b70_0, 0, 8;
    %jmp T_1.257;
T_1.200 ;
    %pushi/vec4 232, 0, 8;
    %store/vec4 v0x102c15b70_0, 0, 8;
    %jmp T_1.257;
T_1.201 ;
    %pushi/vec4 221, 0, 8;
    %store/vec4 v0x102c15b70_0, 0, 8;
    %jmp T_1.257;
T_1.202 ;
    %pushi/vec4 116, 0, 8;
    %store/vec4 v0x102c15b70_0, 0, 8;
    %jmp T_1.257;
T_1.203 ;
    %pushi/vec4 31, 0, 8;
    %store/vec4 v0x102c15b70_0, 0, 8;
    %jmp T_1.257;
T_1.204 ;
    %pushi/vec4 75, 0, 8;
    %store/vec4 v0x102c15b70_0, 0, 8;
    %jmp T_1.257;
T_1.205 ;
    %pushi/vec4 189, 0, 8;
    %store/vec4 v0x102c15b70_0, 0, 8;
    %jmp T_1.257;
T_1.206 ;
    %pushi/vec4 139, 0, 8;
    %store/vec4 v0x102c15b70_0, 0, 8;
    %jmp T_1.257;
T_1.207 ;
    %pushi/vec4 138, 0, 8;
    %store/vec4 v0x102c15b70_0, 0, 8;
    %jmp T_1.257;
T_1.208 ;
    %pushi/vec4 112, 0, 8;
    %store/vec4 v0x102c15b70_0, 0, 8;
    %jmp T_1.257;
T_1.209 ;
    %pushi/vec4 62, 0, 8;
    %store/vec4 v0x102c15b70_0, 0, 8;
    %jmp T_1.257;
T_1.210 ;
    %pushi/vec4 181, 0, 8;
    %store/vec4 v0x102c15b70_0, 0, 8;
    %jmp T_1.257;
T_1.211 ;
    %pushi/vec4 102, 0, 8;
    %store/vec4 v0x102c15b70_0, 0, 8;
    %jmp T_1.257;
T_1.212 ;
    %pushi/vec4 72, 0, 8;
    %store/vec4 v0x102c15b70_0, 0, 8;
    %jmp T_1.257;
T_1.213 ;
    %pushi/vec4 3, 0, 8;
    %store/vec4 v0x102c15b70_0, 0, 8;
    %jmp T_1.257;
T_1.214 ;
    %pushi/vec4 246, 0, 8;
    %store/vec4 v0x102c15b70_0, 0, 8;
    %jmp T_1.257;
T_1.215 ;
    %pushi/vec4 14, 0, 8;
    %store/vec4 v0x102c15b70_0, 0, 8;
    %jmp T_1.257;
T_1.216 ;
    %pushi/vec4 97, 0, 8;
    %store/vec4 v0x102c15b70_0, 0, 8;
    %jmp T_1.257;
T_1.217 ;
    %pushi/vec4 53, 0, 8;
    %store/vec4 v0x102c15b70_0, 0, 8;
    %jmp T_1.257;
T_1.218 ;
    %pushi/vec4 87, 0, 8;
    %store/vec4 v0x102c15b70_0, 0, 8;
    %jmp T_1.257;
T_1.219 ;
    %pushi/vec4 185, 0, 8;
    %store/vec4 v0x102c15b70_0, 0, 8;
    %jmp T_1.257;
T_1.220 ;
    %pushi/vec4 134, 0, 8;
    %store/vec4 v0x102c15b70_0, 0, 8;
    %jmp T_1.257;
T_1.221 ;
    %pushi/vec4 193, 0, 8;
    %store/vec4 v0x102c15b70_0, 0, 8;
    %jmp T_1.257;
T_1.222 ;
    %pushi/vec4 29, 0, 8;
    %store/vec4 v0x102c15b70_0, 0, 8;
    %jmp T_1.257;
T_1.223 ;
    %pushi/vec4 158, 0, 8;
    %store/vec4 v0x102c15b70_0, 0, 8;
    %jmp T_1.257;
T_1.224 ;
    %pushi/vec4 225, 0, 8;
    %store/vec4 v0x102c15b70_0, 0, 8;
    %jmp T_1.257;
T_1.225 ;
    %pushi/vec4 248, 0, 8;
    %store/vec4 v0x102c15b70_0, 0, 8;
    %jmp T_1.257;
T_1.226 ;
    %pushi/vec4 152, 0, 8;
    %store/vec4 v0x102c15b70_0, 0, 8;
    %jmp T_1.257;
T_1.227 ;
    %pushi/vec4 17, 0, 8;
    %store/vec4 v0x102c15b70_0, 0, 8;
    %jmp T_1.257;
T_1.228 ;
    %pushi/vec4 105, 0, 8;
    %store/vec4 v0x102c15b70_0, 0, 8;
    %jmp T_1.257;
T_1.229 ;
    %pushi/vec4 217, 0, 8;
    %store/vec4 v0x102c15b70_0, 0, 8;
    %jmp T_1.257;
T_1.230 ;
    %pushi/vec4 142, 0, 8;
    %store/vec4 v0x102c15b70_0, 0, 8;
    %jmp T_1.257;
T_1.231 ;
    %pushi/vec4 148, 0, 8;
    %store/vec4 v0x102c15b70_0, 0, 8;
    %jmp T_1.257;
T_1.232 ;
    %pushi/vec4 155, 0, 8;
    %store/vec4 v0x102c15b70_0, 0, 8;
    %jmp T_1.257;
T_1.233 ;
    %pushi/vec4 30, 0, 8;
    %store/vec4 v0x102c15b70_0, 0, 8;
    %jmp T_1.257;
T_1.234 ;
    %pushi/vec4 135, 0, 8;
    %store/vec4 v0x102c15b70_0, 0, 8;
    %jmp T_1.257;
T_1.235 ;
    %pushi/vec4 233, 0, 8;
    %store/vec4 v0x102c15b70_0, 0, 8;
    %jmp T_1.257;
T_1.236 ;
    %pushi/vec4 206, 0, 8;
    %store/vec4 v0x102c15b70_0, 0, 8;
    %jmp T_1.257;
T_1.237 ;
    %pushi/vec4 85, 0, 8;
    %store/vec4 v0x102c15b70_0, 0, 8;
    %jmp T_1.257;
T_1.238 ;
    %pushi/vec4 40, 0, 8;
    %store/vec4 v0x102c15b70_0, 0, 8;
    %jmp T_1.257;
T_1.239 ;
    %pushi/vec4 223, 0, 8;
    %store/vec4 v0x102c15b70_0, 0, 8;
    %jmp T_1.257;
T_1.240 ;
    %pushi/vec4 140, 0, 8;
    %store/vec4 v0x102c15b70_0, 0, 8;
    %jmp T_1.257;
T_1.241 ;
    %pushi/vec4 161, 0, 8;
    %store/vec4 v0x102c15b70_0, 0, 8;
    %jmp T_1.257;
T_1.242 ;
    %pushi/vec4 137, 0, 8;
    %store/vec4 v0x102c15b70_0, 0, 8;
    %jmp T_1.257;
T_1.243 ;
    %pushi/vec4 13, 0, 8;
    %store/vec4 v0x102c15b70_0, 0, 8;
    %jmp T_1.257;
T_1.244 ;
    %pushi/vec4 191, 0, 8;
    %store/vec4 v0x102c15b70_0, 0, 8;
    %jmp T_1.257;
T_1.245 ;
    %pushi/vec4 230, 0, 8;
    %store/vec4 v0x102c15b70_0, 0, 8;
    %jmp T_1.257;
T_1.246 ;
    %pushi/vec4 66, 0, 8;
    %store/vec4 v0x102c15b70_0, 0, 8;
    %jmp T_1.257;
T_1.247 ;
    %pushi/vec4 104, 0, 8;
    %store/vec4 v0x102c15b70_0, 0, 8;
    %jmp T_1.257;
T_1.248 ;
    %pushi/vec4 65, 0, 8;
    %store/vec4 v0x102c15b70_0, 0, 8;
    %jmp T_1.257;
T_1.249 ;
    %pushi/vec4 153, 0, 8;
    %store/vec4 v0x102c15b70_0, 0, 8;
    %jmp T_1.257;
T_1.250 ;
    %pushi/vec4 45, 0, 8;
    %store/vec4 v0x102c15b70_0, 0, 8;
    %jmp T_1.257;
T_1.251 ;
    %pushi/vec4 15, 0, 8;
    %store/vec4 v0x102c15b70_0, 0, 8;
    %jmp T_1.257;
T_1.252 ;
    %pushi/vec4 176, 0, 8;
    %store/vec4 v0x102c15b70_0, 0, 8;
    %jmp T_1.257;
T_1.253 ;
    %pushi/vec4 84, 0, 8;
    %store/vec4 v0x102c15b70_0, 0, 8;
    %jmp T_1.257;
T_1.254 ;
    %pushi/vec4 187, 0, 8;
    %store/vec4 v0x102c15b70_0, 0, 8;
    %jmp T_1.257;
T_1.255 ;
    %pushi/vec4 22, 0, 8;
    %store/vec4 v0x102c15b70_0, 0, 8;
    %jmp T_1.257;
T_1.257 ;
    %pop/vec4 1;
    %jmp T_1;
    .thread T_1, $push;
    .scope S_0x102c16bb0;
T_2 ;
Ewait_1 .event/or E_0x8a2cd1700, E_0x0;
    %wait Ewait_1;
    %load/vec4 v0x102c15c10_0;
    %dup/vec4;
    %pushi/vec4 0, 0, 8;
    %cmp/u;
    %jmp/1 T_2.0, 6;
    %dup/vec4;
    %pushi/vec4 1, 0, 8;
    %cmp/u;
    %jmp/1 T_2.1, 6;
    %dup/vec4;
    %pushi/vec4 2, 0, 8;
    %cmp/u;
    %jmp/1 T_2.2, 6;
    %dup/vec4;
    %pushi/vec4 3, 0, 8;
    %cmp/u;
    %jmp/1 T_2.3, 6;
    %dup/vec4;
    %pushi/vec4 4, 0, 8;
    %cmp/u;
    %jmp/1 T_2.4, 6;
    %dup/vec4;
    %pushi/vec4 5, 0, 8;
    %cmp/u;
    %jmp/1 T_2.5, 6;
    %dup/vec4;
    %pushi/vec4 6, 0, 8;
    %cmp/u;
    %jmp/1 T_2.6, 6;
    %dup/vec4;
    %pushi/vec4 7, 0, 8;
    %cmp/u;
    %jmp/1 T_2.7, 6;
    %dup/vec4;
    %pushi/vec4 8, 0, 8;
    %cmp/u;
    %jmp/1 T_2.8, 6;
    %dup/vec4;
    %pushi/vec4 9, 0, 8;
    %cmp/u;
    %jmp/1 T_2.9, 6;
    %dup/vec4;
    %pushi/vec4 10, 0, 8;
    %cmp/u;
    %jmp/1 T_2.10, 6;
    %dup/vec4;
    %pushi/vec4 11, 0, 8;
    %cmp/u;
    %jmp/1 T_2.11, 6;
    %dup/vec4;
    %pushi/vec4 12, 0, 8;
    %cmp/u;
    %jmp/1 T_2.12, 6;
    %dup/vec4;
    %pushi/vec4 13, 0, 8;
    %cmp/u;
    %jmp/1 T_2.13, 6;
    %dup/vec4;
    %pushi/vec4 14, 0, 8;
    %cmp/u;
    %jmp/1 T_2.14, 6;
    %dup/vec4;
    %pushi/vec4 15, 0, 8;
    %cmp/u;
    %jmp/1 T_2.15, 6;
    %dup/vec4;
    %pushi/vec4 16, 0, 8;
    %cmp/u;
    %jmp/1 T_2.16, 6;
    %dup/vec4;
    %pushi/vec4 17, 0, 8;
    %cmp/u;
    %jmp/1 T_2.17, 6;
    %dup/vec4;
    %pushi/vec4 18, 0, 8;
    %cmp/u;
    %jmp/1 T_2.18, 6;
    %dup/vec4;
    %pushi/vec4 19, 0, 8;
    %cmp/u;
    %jmp/1 T_2.19, 6;
    %dup/vec4;
    %pushi/vec4 20, 0, 8;
    %cmp/u;
    %jmp/1 T_2.20, 6;
    %dup/vec4;
    %pushi/vec4 21, 0, 8;
    %cmp/u;
    %jmp/1 T_2.21, 6;
    %dup/vec4;
    %pushi/vec4 22, 0, 8;
    %cmp/u;
    %jmp/1 T_2.22, 6;
    %dup/vec4;
    %pushi/vec4 23, 0, 8;
    %cmp/u;
    %jmp/1 T_2.23, 6;
    %dup/vec4;
    %pushi/vec4 24, 0, 8;
    %cmp/u;
    %jmp/1 T_2.24, 6;
    %dup/vec4;
    %pushi/vec4 25, 0, 8;
    %cmp/u;
    %jmp/1 T_2.25, 6;
    %dup/vec4;
    %pushi/vec4 26, 0, 8;
    %cmp/u;
    %jmp/1 T_2.26, 6;
    %dup/vec4;
    %pushi/vec4 27, 0, 8;
    %cmp/u;
    %jmp/1 T_2.27, 6;
    %dup/vec4;
    %pushi/vec4 28, 0, 8;
    %cmp/u;
    %jmp/1 T_2.28, 6;
    %dup/vec4;
    %pushi/vec4 29, 0, 8;
    %cmp/u;
    %jmp/1 T_2.29, 6;
    %dup/vec4;
    %pushi/vec4 30, 0, 8;
    %cmp/u;
    %jmp/1 T_2.30, 6;
    %dup/vec4;
    %pushi/vec4 31, 0, 8;
    %cmp/u;
    %jmp/1 T_2.31, 6;
    %dup/vec4;
    %pushi/vec4 32, 0, 8;
    %cmp/u;
    %jmp/1 T_2.32, 6;
    %dup/vec4;
    %pushi/vec4 33, 0, 8;
    %cmp/u;
    %jmp/1 T_2.33, 6;
    %dup/vec4;
    %pushi/vec4 34, 0, 8;
    %cmp/u;
    %jmp/1 T_2.34, 6;
    %dup/vec4;
    %pushi/vec4 35, 0, 8;
    %cmp/u;
    %jmp/1 T_2.35, 6;
    %dup/vec4;
    %pushi/vec4 36, 0, 8;
    %cmp/u;
    %jmp/1 T_2.36, 6;
    %dup/vec4;
    %pushi/vec4 37, 0, 8;
    %cmp/u;
    %jmp/1 T_2.37, 6;
    %dup/vec4;
    %pushi/vec4 38, 0, 8;
    %cmp/u;
    %jmp/1 T_2.38, 6;
    %dup/vec4;
    %pushi/vec4 39, 0, 8;
    %cmp/u;
    %jmp/1 T_2.39, 6;
    %dup/vec4;
    %pushi/vec4 40, 0, 8;
    %cmp/u;
    %jmp/1 T_2.40, 6;
    %dup/vec4;
    %pushi/vec4 41, 0, 8;
    %cmp/u;
    %jmp/1 T_2.41, 6;
    %dup/vec4;
    %pushi/vec4 42, 0, 8;
    %cmp/u;
    %jmp/1 T_2.42, 6;
    %dup/vec4;
    %pushi/vec4 43, 0, 8;
    %cmp/u;
    %jmp/1 T_2.43, 6;
    %dup/vec4;
    %pushi/vec4 44, 0, 8;
    %cmp/u;
    %jmp/1 T_2.44, 6;
    %dup/vec4;
    %pushi/vec4 45, 0, 8;
    %cmp/u;
    %jmp/1 T_2.45, 6;
    %dup/vec4;
    %pushi/vec4 46, 0, 8;
    %cmp/u;
    %jmp/1 T_2.46, 6;
    %dup/vec4;
    %pushi/vec4 47, 0, 8;
    %cmp/u;
    %jmp/1 T_2.47, 6;
    %dup/vec4;
    %pushi/vec4 48, 0, 8;
    %cmp/u;
    %jmp/1 T_2.48, 6;
    %dup/vec4;
    %pushi/vec4 49, 0, 8;
    %cmp/u;
    %jmp/1 T_2.49, 6;
    %dup/vec4;
    %pushi/vec4 50, 0, 8;
    %cmp/u;
    %jmp/1 T_2.50, 6;
    %dup/vec4;
    %pushi/vec4 51, 0, 8;
    %cmp/u;
    %jmp/1 T_2.51, 6;
    %dup/vec4;
    %pushi/vec4 52, 0, 8;
    %cmp/u;
    %jmp/1 T_2.52, 6;
    %dup/vec4;
    %pushi/vec4 53, 0, 8;
    %cmp/u;
    %jmp/1 T_2.53, 6;
    %dup/vec4;
    %pushi/vec4 54, 0, 8;
    %cmp/u;
    %jmp/1 T_2.54, 6;
    %dup/vec4;
    %pushi/vec4 55, 0, 8;
    %cmp/u;
    %jmp/1 T_2.55, 6;
    %dup/vec4;
    %pushi/vec4 56, 0, 8;
    %cmp/u;
    %jmp/1 T_2.56, 6;
    %dup/vec4;
    %pushi/vec4 57, 0, 8;
    %cmp/u;
    %jmp/1 T_2.57, 6;
    %dup/vec4;
    %pushi/vec4 58, 0, 8;
    %cmp/u;
    %jmp/1 T_2.58, 6;
    %dup/vec4;
    %pushi/vec4 59, 0, 8;
    %cmp/u;
    %jmp/1 T_2.59, 6;
    %dup/vec4;
    %pushi/vec4 60, 0, 8;
    %cmp/u;
    %jmp/1 T_2.60, 6;
    %dup/vec4;
    %pushi/vec4 61, 0, 8;
    %cmp/u;
    %jmp/1 T_2.61, 6;
    %dup/vec4;
    %pushi/vec4 62, 0, 8;
    %cmp/u;
    %jmp/1 T_2.62, 6;
    %dup/vec4;
    %pushi/vec4 63, 0, 8;
    %cmp/u;
    %jmp/1 T_2.63, 6;
    %dup/vec4;
    %pushi/vec4 64, 0, 8;
    %cmp/u;
    %jmp/1 T_2.64, 6;
    %dup/vec4;
    %pushi/vec4 65, 0, 8;
    %cmp/u;
    %jmp/1 T_2.65, 6;
    %dup/vec4;
    %pushi/vec4 66, 0, 8;
    %cmp/u;
    %jmp/1 T_2.66, 6;
    %dup/vec4;
    %pushi/vec4 67, 0, 8;
    %cmp/u;
    %jmp/1 T_2.67, 6;
    %dup/vec4;
    %pushi/vec4 68, 0, 8;
    %cmp/u;
    %jmp/1 T_2.68, 6;
    %dup/vec4;
    %pushi/vec4 69, 0, 8;
    %cmp/u;
    %jmp/1 T_2.69, 6;
    %dup/vec4;
    %pushi/vec4 70, 0, 8;
    %cmp/u;
    %jmp/1 T_2.70, 6;
    %dup/vec4;
    %pushi/vec4 71, 0, 8;
    %cmp/u;
    %jmp/1 T_2.71, 6;
    %dup/vec4;
    %pushi/vec4 72, 0, 8;
    %cmp/u;
    %jmp/1 T_2.72, 6;
    %dup/vec4;
    %pushi/vec4 73, 0, 8;
    %cmp/u;
    %jmp/1 T_2.73, 6;
    %dup/vec4;
    %pushi/vec4 74, 0, 8;
    %cmp/u;
    %jmp/1 T_2.74, 6;
    %dup/vec4;
    %pushi/vec4 75, 0, 8;
    %cmp/u;
    %jmp/1 T_2.75, 6;
    %dup/vec4;
    %pushi/vec4 76, 0, 8;
    %cmp/u;
    %jmp/1 T_2.76, 6;
    %dup/vec4;
    %pushi/vec4 77, 0, 8;
    %cmp/u;
    %jmp/1 T_2.77, 6;
    %dup/vec4;
    %pushi/vec4 78, 0, 8;
    %cmp/u;
    %jmp/1 T_2.78, 6;
    %dup/vec4;
    %pushi/vec4 79, 0, 8;
    %cmp/u;
    %jmp/1 T_2.79, 6;
    %dup/vec4;
    %pushi/vec4 80, 0, 8;
    %cmp/u;
    %jmp/1 T_2.80, 6;
    %dup/vec4;
    %pushi/vec4 81, 0, 8;
    %cmp/u;
    %jmp/1 T_2.81, 6;
    %dup/vec4;
    %pushi/vec4 82, 0, 8;
    %cmp/u;
    %jmp/1 T_2.82, 6;
    %dup/vec4;
    %pushi/vec4 83, 0, 8;
    %cmp/u;
    %jmp/1 T_2.83, 6;
    %dup/vec4;
    %pushi/vec4 84, 0, 8;
    %cmp/u;
    %jmp/1 T_2.84, 6;
    %dup/vec4;
    %pushi/vec4 85, 0, 8;
    %cmp/u;
    %jmp/1 T_2.85, 6;
    %dup/vec4;
    %pushi/vec4 86, 0, 8;
    %cmp/u;
    %jmp/1 T_2.86, 6;
    %dup/vec4;
    %pushi/vec4 87, 0, 8;
    %cmp/u;
    %jmp/1 T_2.87, 6;
    %dup/vec4;
    %pushi/vec4 88, 0, 8;
    %cmp/u;
    %jmp/1 T_2.88, 6;
    %dup/vec4;
    %pushi/vec4 89, 0, 8;
    %cmp/u;
    %jmp/1 T_2.89, 6;
    %dup/vec4;
    %pushi/vec4 90, 0, 8;
    %cmp/u;
    %jmp/1 T_2.90, 6;
    %dup/vec4;
    %pushi/vec4 91, 0, 8;
    %cmp/u;
    %jmp/1 T_2.91, 6;
    %dup/vec4;
    %pushi/vec4 92, 0, 8;
    %cmp/u;
    %jmp/1 T_2.92, 6;
    %dup/vec4;
    %pushi/vec4 93, 0, 8;
    %cmp/u;
    %jmp/1 T_2.93, 6;
    %dup/vec4;
    %pushi/vec4 94, 0, 8;
    %cmp/u;
    %jmp/1 T_2.94, 6;
    %dup/vec4;
    %pushi/vec4 95, 0, 8;
    %cmp/u;
    %jmp/1 T_2.95, 6;
    %dup/vec4;
    %pushi/vec4 96, 0, 8;
    %cmp/u;
    %jmp/1 T_2.96, 6;
    %dup/vec4;
    %pushi/vec4 97, 0, 8;
    %cmp/u;
    %jmp/1 T_2.97, 6;
    %dup/vec4;
    %pushi/vec4 98, 0, 8;
    %cmp/u;
    %jmp/1 T_2.98, 6;
    %dup/vec4;
    %pushi/vec4 99, 0, 8;
    %cmp/u;
    %jmp/1 T_2.99, 6;
    %dup/vec4;
    %pushi/vec4 100, 0, 8;
    %cmp/u;
    %jmp/1 T_2.100, 6;
    %dup/vec4;
    %pushi/vec4 101, 0, 8;
    %cmp/u;
    %jmp/1 T_2.101, 6;
    %dup/vec4;
    %pushi/vec4 102, 0, 8;
    %cmp/u;
    %jmp/1 T_2.102, 6;
    %dup/vec4;
    %pushi/vec4 103, 0, 8;
    %cmp/u;
    %jmp/1 T_2.103, 6;
    %dup/vec4;
    %pushi/vec4 104, 0, 8;
    %cmp/u;
    %jmp/1 T_2.104, 6;
    %dup/vec4;
    %pushi/vec4 105, 0, 8;
    %cmp/u;
    %jmp/1 T_2.105, 6;
    %dup/vec4;
    %pushi/vec4 106, 0, 8;
    %cmp/u;
    %jmp/1 T_2.106, 6;
    %dup/vec4;
    %pushi/vec4 107, 0, 8;
    %cmp/u;
    %jmp/1 T_2.107, 6;
    %dup/vec4;
    %pushi/vec4 108, 0, 8;
    %cmp/u;
    %jmp/1 T_2.108, 6;
    %dup/vec4;
    %pushi/vec4 109, 0, 8;
    %cmp/u;
    %jmp/1 T_2.109, 6;
    %dup/vec4;
    %pushi/vec4 110, 0, 8;
    %cmp/u;
    %jmp/1 T_2.110, 6;
    %dup/vec4;
    %pushi/vec4 111, 0, 8;
    %cmp/u;
    %jmp/1 T_2.111, 6;
    %dup/vec4;
    %pushi/vec4 112, 0, 8;
    %cmp/u;
    %jmp/1 T_2.112, 6;
    %dup/vec4;
    %pushi/vec4 113, 0, 8;
    %cmp/u;
    %jmp/1 T_2.113, 6;
    %dup/vec4;
    %pushi/vec4 114, 0, 8;
    %cmp/u;
    %jmp/1 T_2.114, 6;
    %dup/vec4;
    %pushi/vec4 115, 0, 8;
    %cmp/u;
    %jmp/1 T_2.115, 6;
    %dup/vec4;
    %pushi/vec4 116, 0, 8;
    %cmp/u;
    %jmp/1 T_2.116, 6;
    %dup/vec4;
    %pushi/vec4 117, 0, 8;
    %cmp/u;
    %jmp/1 T_2.117, 6;
    %dup/vec4;
    %pushi/vec4 118, 0, 8;
    %cmp/u;
    %jmp/1 T_2.118, 6;
    %dup/vec4;
    %pushi/vec4 119, 0, 8;
    %cmp/u;
    %jmp/1 T_2.119, 6;
    %dup/vec4;
    %pushi/vec4 120, 0, 8;
    %cmp/u;
    %jmp/1 T_2.120, 6;
    %dup/vec4;
    %pushi/vec4 121, 0, 8;
    %cmp/u;
    %jmp/1 T_2.121, 6;
    %dup/vec4;
    %pushi/vec4 122, 0, 8;
    %cmp/u;
    %jmp/1 T_2.122, 6;
    %dup/vec4;
    %pushi/vec4 123, 0, 8;
    %cmp/u;
    %jmp/1 T_2.123, 6;
    %dup/vec4;
    %pushi/vec4 124, 0, 8;
    %cmp/u;
    %jmp/1 T_2.124, 6;
    %dup/vec4;
    %pushi/vec4 125, 0, 8;
    %cmp/u;
    %jmp/1 T_2.125, 6;
    %dup/vec4;
    %pushi/vec4 126, 0, 8;
    %cmp/u;
    %jmp/1 T_2.126, 6;
    %dup/vec4;
    %pushi/vec4 127, 0, 8;
    %cmp/u;
    %jmp/1 T_2.127, 6;
    %dup/vec4;
    %pushi/vec4 128, 0, 8;
    %cmp/u;
    %jmp/1 T_2.128, 6;
    %dup/vec4;
    %pushi/vec4 129, 0, 8;
    %cmp/u;
    %jmp/1 T_2.129, 6;
    %dup/vec4;
    %pushi/vec4 130, 0, 8;
    %cmp/u;
    %jmp/1 T_2.130, 6;
    %dup/vec4;
    %pushi/vec4 131, 0, 8;
    %cmp/u;
    %jmp/1 T_2.131, 6;
    %dup/vec4;
    %pushi/vec4 132, 0, 8;
    %cmp/u;
    %jmp/1 T_2.132, 6;
    %dup/vec4;
    %pushi/vec4 133, 0, 8;
    %cmp/u;
    %jmp/1 T_2.133, 6;
    %dup/vec4;
    %pushi/vec4 134, 0, 8;
    %cmp/u;
    %jmp/1 T_2.134, 6;
    %dup/vec4;
    %pushi/vec4 135, 0, 8;
    %cmp/u;
    %jmp/1 T_2.135, 6;
    %dup/vec4;
    %pushi/vec4 136, 0, 8;
    %cmp/u;
    %jmp/1 T_2.136, 6;
    %dup/vec4;
    %pushi/vec4 137, 0, 8;
    %cmp/u;
    %jmp/1 T_2.137, 6;
    %dup/vec4;
    %pushi/vec4 138, 0, 8;
    %cmp/u;
    %jmp/1 T_2.138, 6;
    %dup/vec4;
    %pushi/vec4 139, 0, 8;
    %cmp/u;
    %jmp/1 T_2.139, 6;
    %dup/vec4;
    %pushi/vec4 140, 0, 8;
    %cmp/u;
    %jmp/1 T_2.140, 6;
    %dup/vec4;
    %pushi/vec4 141, 0, 8;
    %cmp/u;
    %jmp/1 T_2.141, 6;
    %dup/vec4;
    %pushi/vec4 142, 0, 8;
    %cmp/u;
    %jmp/1 T_2.142, 6;
    %dup/vec4;
    %pushi/vec4 143, 0, 8;
    %cmp/u;
    %jmp/1 T_2.143, 6;
    %dup/vec4;
    %pushi/vec4 144, 0, 8;
    %cmp/u;
    %jmp/1 T_2.144, 6;
    %dup/vec4;
    %pushi/vec4 145, 0, 8;
    %cmp/u;
    %jmp/1 T_2.145, 6;
    %dup/vec4;
    %pushi/vec4 146, 0, 8;
    %cmp/u;
    %jmp/1 T_2.146, 6;
    %dup/vec4;
    %pushi/vec4 147, 0, 8;
    %cmp/u;
    %jmp/1 T_2.147, 6;
    %dup/vec4;
    %pushi/vec4 148, 0, 8;
    %cmp/u;
    %jmp/1 T_2.148, 6;
    %dup/vec4;
    %pushi/vec4 149, 0, 8;
    %cmp/u;
    %jmp/1 T_2.149, 6;
    %dup/vec4;
    %pushi/vec4 150, 0, 8;
    %cmp/u;
    %jmp/1 T_2.150, 6;
    %dup/vec4;
    %pushi/vec4 151, 0, 8;
    %cmp/u;
    %jmp/1 T_2.151, 6;
    %dup/vec4;
    %pushi/vec4 152, 0, 8;
    %cmp/u;
    %jmp/1 T_2.152, 6;
    %dup/vec4;
    %pushi/vec4 153, 0, 8;
    %cmp/u;
    %jmp/1 T_2.153, 6;
    %dup/vec4;
    %pushi/vec4 154, 0, 8;
    %cmp/u;
    %jmp/1 T_2.154, 6;
    %dup/vec4;
    %pushi/vec4 155, 0, 8;
    %cmp/u;
    %jmp/1 T_2.155, 6;
    %dup/vec4;
    %pushi/vec4 156, 0, 8;
    %cmp/u;
    %jmp/1 T_2.156, 6;
    %dup/vec4;
    %pushi/vec4 157, 0, 8;
    %cmp/u;
    %jmp/1 T_2.157, 6;
    %dup/vec4;
    %pushi/vec4 158, 0, 8;
    %cmp/u;
    %jmp/1 T_2.158, 6;
    %dup/vec4;
    %pushi/vec4 159, 0, 8;
    %cmp/u;
    %jmp/1 T_2.159, 6;
    %dup/vec4;
    %pushi/vec4 160, 0, 8;
    %cmp/u;
    %jmp/1 T_2.160, 6;
    %dup/vec4;
    %pushi/vec4 161, 0, 8;
    %cmp/u;
    %jmp/1 T_2.161, 6;
    %dup/vec4;
    %pushi/vec4 162, 0, 8;
    %cmp/u;
    %jmp/1 T_2.162, 6;
    %dup/vec4;
    %pushi/vec4 163, 0, 8;
    %cmp/u;
    %jmp/1 T_2.163, 6;
    %dup/vec4;
    %pushi/vec4 164, 0, 8;
    %cmp/u;
    %jmp/1 T_2.164, 6;
    %dup/vec4;
    %pushi/vec4 165, 0, 8;
    %cmp/u;
    %jmp/1 T_2.165, 6;
    %dup/vec4;
    %pushi/vec4 166, 0, 8;
    %cmp/u;
    %jmp/1 T_2.166, 6;
    %dup/vec4;
    %pushi/vec4 167, 0, 8;
    %cmp/u;
    %jmp/1 T_2.167, 6;
    %dup/vec4;
    %pushi/vec4 168, 0, 8;
    %cmp/u;
    %jmp/1 T_2.168, 6;
    %dup/vec4;
    %pushi/vec4 169, 0, 8;
    %cmp/u;
    %jmp/1 T_2.169, 6;
    %dup/vec4;
    %pushi/vec4 170, 0, 8;
    %cmp/u;
    %jmp/1 T_2.170, 6;
    %dup/vec4;
    %pushi/vec4 171, 0, 8;
    %cmp/u;
    %jmp/1 T_2.171, 6;
    %dup/vec4;
    %pushi/vec4 172, 0, 8;
    %cmp/u;
    %jmp/1 T_2.172, 6;
    %dup/vec4;
    %pushi/vec4 173, 0, 8;
    %cmp/u;
    %jmp/1 T_2.173, 6;
    %dup/vec4;
    %pushi/vec4 174, 0, 8;
    %cmp/u;
    %jmp/1 T_2.174, 6;
    %dup/vec4;
    %pushi/vec4 175, 0, 8;
    %cmp/u;
    %jmp/1 T_2.175, 6;
    %dup/vec4;
    %pushi/vec4 176, 0, 8;
    %cmp/u;
    %jmp/1 T_2.176, 6;
    %dup/vec4;
    %pushi/vec4 177, 0, 8;
    %cmp/u;
    %jmp/1 T_2.177, 6;
    %dup/vec4;
    %pushi/vec4 178, 0, 8;
    %cmp/u;
    %jmp/1 T_2.178, 6;
    %dup/vec4;
    %pushi/vec4 179, 0, 8;
    %cmp/u;
    %jmp/1 T_2.179, 6;
    %dup/vec4;
    %pushi/vec4 180, 0, 8;
    %cmp/u;
    %jmp/1 T_2.180, 6;
    %dup/vec4;
    %pushi/vec4 181, 0, 8;
    %cmp/u;
    %jmp/1 T_2.181, 6;
    %dup/vec4;
    %pushi/vec4 182, 0, 8;
    %cmp/u;
    %jmp/1 T_2.182, 6;
    %dup/vec4;
    %pushi/vec4 183, 0, 8;
    %cmp/u;
    %jmp/1 T_2.183, 6;
    %dup/vec4;
    %pushi/vec4 184, 0, 8;
    %cmp/u;
    %jmp/1 T_2.184, 6;
    %dup/vec4;
    %pushi/vec4 185, 0, 8;
    %cmp/u;
    %jmp/1 T_2.185, 6;
    %dup/vec4;
    %pushi/vec4 186, 0, 8;
    %cmp/u;
    %jmp/1 T_2.186, 6;
    %dup/vec4;
    %pushi/vec4 187, 0, 8;
    %cmp/u;
    %jmp/1 T_2.187, 6;
    %dup/vec4;
    %pushi/vec4 188, 0, 8;
    %cmp/u;
    %jmp/1 T_2.188, 6;
    %dup/vec4;
    %pushi/vec4 189, 0, 8;
    %cmp/u;
    %jmp/1 T_2.189, 6;
    %dup/vec4;
    %pushi/vec4 190, 0, 8;
    %cmp/u;
    %jmp/1 T_2.190, 6;
    %dup/vec4;
    %pushi/vec4 191, 0, 8;
    %cmp/u;
    %jmp/1 T_2.191, 6;
    %dup/vec4;
    %pushi/vec4 192, 0, 8;
    %cmp/u;
    %jmp/1 T_2.192, 6;
    %dup/vec4;
    %pushi/vec4 193, 0, 8;
    %cmp/u;
    %jmp/1 T_2.193, 6;
    %dup/vec4;
    %pushi/vec4 194, 0, 8;
    %cmp/u;
    %jmp/1 T_2.194, 6;
    %dup/vec4;
    %pushi/vec4 195, 0, 8;
    %cmp/u;
    %jmp/1 T_2.195, 6;
    %dup/vec4;
    %pushi/vec4 196, 0, 8;
    %cmp/u;
    %jmp/1 T_2.196, 6;
    %dup/vec4;
    %pushi/vec4 197, 0, 8;
    %cmp/u;
    %jmp/1 T_2.197, 6;
    %dup/vec4;
    %pushi/vec4 198, 0, 8;
    %cmp/u;
    %jmp/1 T_2.198, 6;
    %dup/vec4;
    %pushi/vec4 199, 0, 8;
    %cmp/u;
    %jmp/1 T_2.199, 6;
    %dup/vec4;
    %pushi/vec4 200, 0, 8;
    %cmp/u;
    %jmp/1 T_2.200, 6;
    %dup/vec4;
    %pushi/vec4 201, 0, 8;
    %cmp/u;
    %jmp/1 T_2.201, 6;
    %dup/vec4;
    %pushi/vec4 202, 0, 8;
    %cmp/u;
    %jmp/1 T_2.202, 6;
    %dup/vec4;
    %pushi/vec4 203, 0, 8;
    %cmp/u;
    %jmp/1 T_2.203, 6;
    %dup/vec4;
    %pushi/vec4 204, 0, 8;
    %cmp/u;
    %jmp/1 T_2.204, 6;
    %dup/vec4;
    %pushi/vec4 205, 0, 8;
    %cmp/u;
    %jmp/1 T_2.205, 6;
    %dup/vec4;
    %pushi/vec4 206, 0, 8;
    %cmp/u;
    %jmp/1 T_2.206, 6;
    %dup/vec4;
    %pushi/vec4 207, 0, 8;
    %cmp/u;
    %jmp/1 T_2.207, 6;
    %dup/vec4;
    %pushi/vec4 208, 0, 8;
    %cmp/u;
    %jmp/1 T_2.208, 6;
    %dup/vec4;
    %pushi/vec4 209, 0, 8;
    %cmp/u;
    %jmp/1 T_2.209, 6;
    %dup/vec4;
    %pushi/vec4 210, 0, 8;
    %cmp/u;
    %jmp/1 T_2.210, 6;
    %dup/vec4;
    %pushi/vec4 211, 0, 8;
    %cmp/u;
    %jmp/1 T_2.211, 6;
    %dup/vec4;
    %pushi/vec4 212, 0, 8;
    %cmp/u;
    %jmp/1 T_2.212, 6;
    %dup/vec4;
    %pushi/vec4 213, 0, 8;
    %cmp/u;
    %jmp/1 T_2.213, 6;
    %dup/vec4;
    %pushi/vec4 214, 0, 8;
    %cmp/u;
    %jmp/1 T_2.214, 6;
    %dup/vec4;
    %pushi/vec4 215, 0, 8;
    %cmp/u;
    %jmp/1 T_2.215, 6;
    %dup/vec4;
    %pushi/vec4 216, 0, 8;
    %cmp/u;
    %jmp/1 T_2.216, 6;
    %dup/vec4;
    %pushi/vec4 217, 0, 8;
    %cmp/u;
    %jmp/1 T_2.217, 6;
    %dup/vec4;
    %pushi/vec4 218, 0, 8;
    %cmp/u;
    %jmp/1 T_2.218, 6;
    %dup/vec4;
    %pushi/vec4 219, 0, 8;
    %cmp/u;
    %jmp/1 T_2.219, 6;
    %dup/vec4;
    %pushi/vec4 220, 0, 8;
    %cmp/u;
    %jmp/1 T_2.220, 6;
    %dup/vec4;
    %pushi/vec4 221, 0, 8;
    %cmp/u;
    %jmp/1 T_2.221, 6;
    %dup/vec4;
    %pushi/vec4 222, 0, 8;
    %cmp/u;
    %jmp/1 T_2.222, 6;
    %dup/vec4;
    %pushi/vec4 223, 0, 8;
    %cmp/u;
    %jmp/1 T_2.223, 6;
    %dup/vec4;
    %pushi/vec4 224, 0, 8;
    %cmp/u;
    %jmp/1 T_2.224, 6;
    %dup/vec4;
    %pushi/vec4 225, 0, 8;
    %cmp/u;
    %jmp/1 T_2.225, 6;
    %dup/vec4;
    %pushi/vec4 226, 0, 8;
    %cmp/u;
    %jmp/1 T_2.226, 6;
    %dup/vec4;
    %pushi/vec4 227, 0, 8;
    %cmp/u;
    %jmp/1 T_2.227, 6;
    %dup/vec4;
    %pushi/vec4 228, 0, 8;
    %cmp/u;
    %jmp/1 T_2.228, 6;
    %dup/vec4;
    %pushi/vec4 229, 0, 8;
    %cmp/u;
    %jmp/1 T_2.229, 6;
    %dup/vec4;
    %pushi/vec4 230, 0, 8;
    %cmp/u;
    %jmp/1 T_2.230, 6;
    %dup/vec4;
    %pushi/vec4 231, 0, 8;
    %cmp/u;
    %jmp/1 T_2.231, 6;
    %dup/vec4;
    %pushi/vec4 232, 0, 8;
    %cmp/u;
    %jmp/1 T_2.232, 6;
    %dup/vec4;
    %pushi/vec4 233, 0, 8;
    %cmp/u;
    %jmp/1 T_2.233, 6;
    %dup/vec4;
    %pushi/vec4 234, 0, 8;
    %cmp/u;
    %jmp/1 T_2.234, 6;
    %dup/vec4;
    %pushi/vec4 235, 0, 8;
    %cmp/u;
    %jmp/1 T_2.235, 6;
    %dup/vec4;
    %pushi/vec4 236, 0, 8;
    %cmp/u;
    %jmp/1 T_2.236, 6;
    %dup/vec4;
    %pushi/vec4 237, 0, 8;
    %cmp/u;
    %jmp/1 T_2.237, 6;
    %dup/vec4;
    %pushi/vec4 238, 0, 8;
    %cmp/u;
    %jmp/1 T_2.238, 6;
    %dup/vec4;
    %pushi/vec4 239, 0, 8;
    %cmp/u;
    %jmp/1 T_2.239, 6;
    %dup/vec4;
    %pushi/vec4 240, 0, 8;
    %cmp/u;
    %jmp/1 T_2.240, 6;
    %dup/vec4;
    %pushi/vec4 241, 0, 8;
    %cmp/u;
    %jmp/1 T_2.241, 6;
    %dup/vec4;
    %pushi/vec4 242, 0, 8;
    %cmp/u;
    %jmp/1 T_2.242, 6;
    %dup/vec4;
    %pushi/vec4 243, 0, 8;
    %cmp/u;
    %jmp/1 T_2.243, 6;
    %dup/vec4;
    %pushi/vec4 244, 0, 8;
    %cmp/u;
    %jmp/1 T_2.244, 6;
    %dup/vec4;
    %pushi/vec4 245, 0, 8;
    %cmp/u;
    %jmp/1 T_2.245, 6;
    %dup/vec4;
    %pushi/vec4 246, 0, 8;
    %cmp/u;
    %jmp/1 T_2.246, 6;
    %dup/vec4;
    %pushi/vec4 247, 0, 8;
    %cmp/u;
    %jmp/1 T_2.247, 6;
    %dup/vec4;
    %pushi/vec4 248, 0, 8;
    %cmp/u;
    %jmp/1 T_2.248, 6;
    %dup/vec4;
    %pushi/vec4 249, 0, 8;
    %cmp/u;
    %jmp/1 T_2.249, 6;
    %dup/vec4;
    %pushi/vec4 250, 0, 8;
    %cmp/u;
    %jmp/1 T_2.250, 6;
    %dup/vec4;
    %pushi/vec4 251, 0, 8;
    %cmp/u;
    %jmp/1 T_2.251, 6;
    %dup/vec4;
    %pushi/vec4 252, 0, 8;
    %cmp/u;
    %jmp/1 T_2.252, 6;
    %dup/vec4;
    %pushi/vec4 253, 0, 8;
    %cmp/u;
    %jmp/1 T_2.253, 6;
    %dup/vec4;
    %pushi/vec4 254, 0, 8;
    %cmp/u;
    %jmp/1 T_2.254, 6;
    %dup/vec4;
    %pushi/vec4 255, 0, 8;
    %cmp/u;
    %jmp/1 T_2.255, 6;
    %pushi/vec4 0, 0, 8;
    %store/vec4 v0x102c15cb0_0, 0, 8;
    %jmp T_2.257;
T_2.0 ;
    %pushi/vec4 99, 0, 8;
    %store/vec4 v0x102c15cb0_0, 0, 8;
    %jmp T_2.257;
T_2.1 ;
    %pushi/vec4 124, 0, 8;
    %store/vec4 v0x102c15cb0_0, 0, 8;
    %jmp T_2.257;
T_2.2 ;
    %pushi/vec4 119, 0, 8;
    %store/vec4 v0x102c15cb0_0, 0, 8;
    %jmp T_2.257;
T_2.3 ;
    %pushi/vec4 123, 0, 8;
    %store/vec4 v0x102c15cb0_0, 0, 8;
    %jmp T_2.257;
T_2.4 ;
    %pushi/vec4 242, 0, 8;
    %store/vec4 v0x102c15cb0_0, 0, 8;
    %jmp T_2.257;
T_2.5 ;
    %pushi/vec4 107, 0, 8;
    %store/vec4 v0x102c15cb0_0, 0, 8;
    %jmp T_2.257;
T_2.6 ;
    %pushi/vec4 111, 0, 8;
    %store/vec4 v0x102c15cb0_0, 0, 8;
    %jmp T_2.257;
T_2.7 ;
    %pushi/vec4 197, 0, 8;
    %store/vec4 v0x102c15cb0_0, 0, 8;
    %jmp T_2.257;
T_2.8 ;
    %pushi/vec4 48, 0, 8;
    %store/vec4 v0x102c15cb0_0, 0, 8;
    %jmp T_2.257;
T_2.9 ;
    %pushi/vec4 1, 0, 8;
    %store/vec4 v0x102c15cb0_0, 0, 8;
    %jmp T_2.257;
T_2.10 ;
    %pushi/vec4 103, 0, 8;
    %store/vec4 v0x102c15cb0_0, 0, 8;
    %jmp T_2.257;
T_2.11 ;
    %pushi/vec4 43, 0, 8;
    %store/vec4 v0x102c15cb0_0, 0, 8;
    %jmp T_2.257;
T_2.12 ;
    %pushi/vec4 254, 0, 8;
    %store/vec4 v0x102c15cb0_0, 0, 8;
    %jmp T_2.257;
T_2.13 ;
    %pushi/vec4 215, 0, 8;
    %store/vec4 v0x102c15cb0_0, 0, 8;
    %jmp T_2.257;
T_2.14 ;
    %pushi/vec4 171, 0, 8;
    %store/vec4 v0x102c15cb0_0, 0, 8;
    %jmp T_2.257;
T_2.15 ;
    %pushi/vec4 118, 0, 8;
    %store/vec4 v0x102c15cb0_0, 0, 8;
    %jmp T_2.257;
T_2.16 ;
    %pushi/vec4 202, 0, 8;
    %store/vec4 v0x102c15cb0_0, 0, 8;
    %jmp T_2.257;
T_2.17 ;
    %pushi/vec4 130, 0, 8;
    %store/vec4 v0x102c15cb0_0, 0, 8;
    %jmp T_2.257;
T_2.18 ;
    %pushi/vec4 201, 0, 8;
    %store/vec4 v0x102c15cb0_0, 0, 8;
    %jmp T_2.257;
T_2.19 ;
    %pushi/vec4 125, 0, 8;
    %store/vec4 v0x102c15cb0_0, 0, 8;
    %jmp T_2.257;
T_2.20 ;
    %pushi/vec4 250, 0, 8;
    %store/vec4 v0x102c15cb0_0, 0, 8;
    %jmp T_2.257;
T_2.21 ;
    %pushi/vec4 89, 0, 8;
    %store/vec4 v0x102c15cb0_0, 0, 8;
    %jmp T_2.257;
T_2.22 ;
    %pushi/vec4 71, 0, 8;
    %store/vec4 v0x102c15cb0_0, 0, 8;
    %jmp T_2.257;
T_2.23 ;
    %pushi/vec4 240, 0, 8;
    %store/vec4 v0x102c15cb0_0, 0, 8;
    %jmp T_2.257;
T_2.24 ;
    %pushi/vec4 173, 0, 8;
    %store/vec4 v0x102c15cb0_0, 0, 8;
    %jmp T_2.257;
T_2.25 ;
    %pushi/vec4 212, 0, 8;
    %store/vec4 v0x102c15cb0_0, 0, 8;
    %jmp T_2.257;
T_2.26 ;
    %pushi/vec4 162, 0, 8;
    %store/vec4 v0x102c15cb0_0, 0, 8;
    %jmp T_2.257;
T_2.27 ;
    %pushi/vec4 175, 0, 8;
    %store/vec4 v0x102c15cb0_0, 0, 8;
    %jmp T_2.257;
T_2.28 ;
    %pushi/vec4 156, 0, 8;
    %store/vec4 v0x102c15cb0_0, 0, 8;
    %jmp T_2.257;
T_2.29 ;
    %pushi/vec4 164, 0, 8;
    %store/vec4 v0x102c15cb0_0, 0, 8;
    %jmp T_2.257;
T_2.30 ;
    %pushi/vec4 114, 0, 8;
    %store/vec4 v0x102c15cb0_0, 0, 8;
    %jmp T_2.257;
T_2.31 ;
    %pushi/vec4 192, 0, 8;
    %store/vec4 v0x102c15cb0_0, 0, 8;
    %jmp T_2.257;
T_2.32 ;
    %pushi/vec4 183, 0, 8;
    %store/vec4 v0x102c15cb0_0, 0, 8;
    %jmp T_2.257;
T_2.33 ;
    %pushi/vec4 253, 0, 8;
    %store/vec4 v0x102c15cb0_0, 0, 8;
    %jmp T_2.257;
T_2.34 ;
    %pushi/vec4 147, 0, 8;
    %store/vec4 v0x102c15cb0_0, 0, 8;
    %jmp T_2.257;
T_2.35 ;
    %pushi/vec4 38, 0, 8;
    %store/vec4 v0x102c15cb0_0, 0, 8;
    %jmp T_2.257;
T_2.36 ;
    %pushi/vec4 54, 0, 8;
    %store/vec4 v0x102c15cb0_0, 0, 8;
    %jmp T_2.257;
T_2.37 ;
    %pushi/vec4 63, 0, 8;
    %store/vec4 v0x102c15cb0_0, 0, 8;
    %jmp T_2.257;
T_2.38 ;
    %pushi/vec4 247, 0, 8;
    %store/vec4 v0x102c15cb0_0, 0, 8;
    %jmp T_2.257;
T_2.39 ;
    %pushi/vec4 204, 0, 8;
    %store/vec4 v0x102c15cb0_0, 0, 8;
    %jmp T_2.257;
T_2.40 ;
    %pushi/vec4 52, 0, 8;
    %store/vec4 v0x102c15cb0_0, 0, 8;
    %jmp T_2.257;
T_2.41 ;
    %pushi/vec4 165, 0, 8;
    %store/vec4 v0x102c15cb0_0, 0, 8;
    %jmp T_2.257;
T_2.42 ;
    %pushi/vec4 229, 0, 8;
    %store/vec4 v0x102c15cb0_0, 0, 8;
    %jmp T_2.257;
T_2.43 ;
    %pushi/vec4 241, 0, 8;
    %store/vec4 v0x102c15cb0_0, 0, 8;
    %jmp T_2.257;
T_2.44 ;
    %pushi/vec4 113, 0, 8;
    %store/vec4 v0x102c15cb0_0, 0, 8;
    %jmp T_2.257;
T_2.45 ;
    %pushi/vec4 216, 0, 8;
    %store/vec4 v0x102c15cb0_0, 0, 8;
    %jmp T_2.257;
T_2.46 ;
    %pushi/vec4 49, 0, 8;
    %store/vec4 v0x102c15cb0_0, 0, 8;
    %jmp T_2.257;
T_2.47 ;
    %pushi/vec4 21, 0, 8;
    %store/vec4 v0x102c15cb0_0, 0, 8;
    %jmp T_2.257;
T_2.48 ;
    %pushi/vec4 4, 0, 8;
    %store/vec4 v0x102c15cb0_0, 0, 8;
    %jmp T_2.257;
T_2.49 ;
    %pushi/vec4 199, 0, 8;
    %store/vec4 v0x102c15cb0_0, 0, 8;
    %jmp T_2.257;
T_2.50 ;
    %pushi/vec4 35, 0, 8;
    %store/vec4 v0x102c15cb0_0, 0, 8;
    %jmp T_2.257;
T_2.51 ;
    %pushi/vec4 195, 0, 8;
    %store/vec4 v0x102c15cb0_0, 0, 8;
    %jmp T_2.257;
T_2.52 ;
    %pushi/vec4 24, 0, 8;
    %store/vec4 v0x102c15cb0_0, 0, 8;
    %jmp T_2.257;
T_2.53 ;
    %pushi/vec4 150, 0, 8;
    %store/vec4 v0x102c15cb0_0, 0, 8;
    %jmp T_2.257;
T_2.54 ;
    %pushi/vec4 5, 0, 8;
    %store/vec4 v0x102c15cb0_0, 0, 8;
    %jmp T_2.257;
T_2.55 ;
    %pushi/vec4 154, 0, 8;
    %store/vec4 v0x102c15cb0_0, 0, 8;
    %jmp T_2.257;
T_2.56 ;
    %pushi/vec4 7, 0, 8;
    %store/vec4 v0x102c15cb0_0, 0, 8;
    %jmp T_2.257;
T_2.57 ;
    %pushi/vec4 18, 0, 8;
    %store/vec4 v0x102c15cb0_0, 0, 8;
    %jmp T_2.257;
T_2.58 ;
    %pushi/vec4 128, 0, 8;
    %store/vec4 v0x102c15cb0_0, 0, 8;
    %jmp T_2.257;
T_2.59 ;
    %pushi/vec4 226, 0, 8;
    %store/vec4 v0x102c15cb0_0, 0, 8;
    %jmp T_2.257;
T_2.60 ;
    %pushi/vec4 235, 0, 8;
    %store/vec4 v0x102c15cb0_0, 0, 8;
    %jmp T_2.257;
T_2.61 ;
    %pushi/vec4 39, 0, 8;
    %store/vec4 v0x102c15cb0_0, 0, 8;
    %jmp T_2.257;
T_2.62 ;
    %pushi/vec4 178, 0, 8;
    %store/vec4 v0x102c15cb0_0, 0, 8;
    %jmp T_2.257;
T_2.63 ;
    %pushi/vec4 117, 0, 8;
    %store/vec4 v0x102c15cb0_0, 0, 8;
    %jmp T_2.257;
T_2.64 ;
    %pushi/vec4 9, 0, 8;
    %store/vec4 v0x102c15cb0_0, 0, 8;
    %jmp T_2.257;
T_2.65 ;
    %pushi/vec4 131, 0, 8;
    %store/vec4 v0x102c15cb0_0, 0, 8;
    %jmp T_2.257;
T_2.66 ;
    %pushi/vec4 44, 0, 8;
    %store/vec4 v0x102c15cb0_0, 0, 8;
    %jmp T_2.257;
T_2.67 ;
    %pushi/vec4 26, 0, 8;
    %store/vec4 v0x102c15cb0_0, 0, 8;
    %jmp T_2.257;
T_2.68 ;
    %pushi/vec4 27, 0, 8;
    %store/vec4 v0x102c15cb0_0, 0, 8;
    %jmp T_2.257;
T_2.69 ;
    %pushi/vec4 110, 0, 8;
    %store/vec4 v0x102c15cb0_0, 0, 8;
    %jmp T_2.257;
T_2.70 ;
    %pushi/vec4 90, 0, 8;
    %store/vec4 v0x102c15cb0_0, 0, 8;
    %jmp T_2.257;
T_2.71 ;
    %pushi/vec4 160, 0, 8;
    %store/vec4 v0x102c15cb0_0, 0, 8;
    %jmp T_2.257;
T_2.72 ;
    %pushi/vec4 82, 0, 8;
    %store/vec4 v0x102c15cb0_0, 0, 8;
    %jmp T_2.257;
T_2.73 ;
    %pushi/vec4 59, 0, 8;
    %store/vec4 v0x102c15cb0_0, 0, 8;
    %jmp T_2.257;
T_2.74 ;
    %pushi/vec4 214, 0, 8;
    %store/vec4 v0x102c15cb0_0, 0, 8;
    %jmp T_2.257;
T_2.75 ;
    %pushi/vec4 179, 0, 8;
    %store/vec4 v0x102c15cb0_0, 0, 8;
    %jmp T_2.257;
T_2.76 ;
    %pushi/vec4 41, 0, 8;
    %store/vec4 v0x102c15cb0_0, 0, 8;
    %jmp T_2.257;
T_2.77 ;
    %pushi/vec4 227, 0, 8;
    %store/vec4 v0x102c15cb0_0, 0, 8;
    %jmp T_2.257;
T_2.78 ;
    %pushi/vec4 47, 0, 8;
    %store/vec4 v0x102c15cb0_0, 0, 8;
    %jmp T_2.257;
T_2.79 ;
    %pushi/vec4 132, 0, 8;
    %store/vec4 v0x102c15cb0_0, 0, 8;
    %jmp T_2.257;
T_2.80 ;
    %pushi/vec4 83, 0, 8;
    %store/vec4 v0x102c15cb0_0, 0, 8;
    %jmp T_2.257;
T_2.81 ;
    %pushi/vec4 209, 0, 8;
    %store/vec4 v0x102c15cb0_0, 0, 8;
    %jmp T_2.257;
T_2.82 ;
    %pushi/vec4 0, 0, 8;
    %store/vec4 v0x102c15cb0_0, 0, 8;
    %jmp T_2.257;
T_2.83 ;
    %pushi/vec4 237, 0, 8;
    %store/vec4 v0x102c15cb0_0, 0, 8;
    %jmp T_2.257;
T_2.84 ;
    %pushi/vec4 32, 0, 8;
    %store/vec4 v0x102c15cb0_0, 0, 8;
    %jmp T_2.257;
T_2.85 ;
    %pushi/vec4 252, 0, 8;
    %store/vec4 v0x102c15cb0_0, 0, 8;
    %jmp T_2.257;
T_2.86 ;
    %pushi/vec4 177, 0, 8;
    %store/vec4 v0x102c15cb0_0, 0, 8;
    %jmp T_2.257;
T_2.87 ;
    %pushi/vec4 91, 0, 8;
    %store/vec4 v0x102c15cb0_0, 0, 8;
    %jmp T_2.257;
T_2.88 ;
    %pushi/vec4 106, 0, 8;
    %store/vec4 v0x102c15cb0_0, 0, 8;
    %jmp T_2.257;
T_2.89 ;
    %pushi/vec4 203, 0, 8;
    %store/vec4 v0x102c15cb0_0, 0, 8;
    %jmp T_2.257;
T_2.90 ;
    %pushi/vec4 190, 0, 8;
    %store/vec4 v0x102c15cb0_0, 0, 8;
    %jmp T_2.257;
T_2.91 ;
    %pushi/vec4 57, 0, 8;
    %store/vec4 v0x102c15cb0_0, 0, 8;
    %jmp T_2.257;
T_2.92 ;
    %pushi/vec4 74, 0, 8;
    %store/vec4 v0x102c15cb0_0, 0, 8;
    %jmp T_2.257;
T_2.93 ;
    %pushi/vec4 76, 0, 8;
    %store/vec4 v0x102c15cb0_0, 0, 8;
    %jmp T_2.257;
T_2.94 ;
    %pushi/vec4 88, 0, 8;
    %store/vec4 v0x102c15cb0_0, 0, 8;
    %jmp T_2.257;
T_2.95 ;
    %pushi/vec4 207, 0, 8;
    %store/vec4 v0x102c15cb0_0, 0, 8;
    %jmp T_2.257;
T_2.96 ;
    %pushi/vec4 208, 0, 8;
    %store/vec4 v0x102c15cb0_0, 0, 8;
    %jmp T_2.257;
T_2.97 ;
    %pushi/vec4 239, 0, 8;
    %store/vec4 v0x102c15cb0_0, 0, 8;
    %jmp T_2.257;
T_2.98 ;
    %pushi/vec4 170, 0, 8;
    %store/vec4 v0x102c15cb0_0, 0, 8;
    %jmp T_2.257;
T_2.99 ;
    %pushi/vec4 251, 0, 8;
    %store/vec4 v0x102c15cb0_0, 0, 8;
    %jmp T_2.257;
T_2.100 ;
    %pushi/vec4 67, 0, 8;
    %store/vec4 v0x102c15cb0_0, 0, 8;
    %jmp T_2.257;
T_2.101 ;
    %pushi/vec4 77, 0, 8;
    %store/vec4 v0x102c15cb0_0, 0, 8;
    %jmp T_2.257;
T_2.102 ;
    %pushi/vec4 51, 0, 8;
    %store/vec4 v0x102c15cb0_0, 0, 8;
    %jmp T_2.257;
T_2.103 ;
    %pushi/vec4 133, 0, 8;
    %store/vec4 v0x102c15cb0_0, 0, 8;
    %jmp T_2.257;
T_2.104 ;
    %pushi/vec4 69, 0, 8;
    %store/vec4 v0x102c15cb0_0, 0, 8;
    %jmp T_2.257;
T_2.105 ;
    %pushi/vec4 249, 0, 8;
    %store/vec4 v0x102c15cb0_0, 0, 8;
    %jmp T_2.257;
T_2.106 ;
    %pushi/vec4 2, 0, 8;
    %store/vec4 v0x102c15cb0_0, 0, 8;
    %jmp T_2.257;
T_2.107 ;
    %pushi/vec4 127, 0, 8;
    %store/vec4 v0x102c15cb0_0, 0, 8;
    %jmp T_2.257;
T_2.108 ;
    %pushi/vec4 80, 0, 8;
    %store/vec4 v0x102c15cb0_0, 0, 8;
    %jmp T_2.257;
T_2.109 ;
    %pushi/vec4 60, 0, 8;
    %store/vec4 v0x102c15cb0_0, 0, 8;
    %jmp T_2.257;
T_2.110 ;
    %pushi/vec4 159, 0, 8;
    %store/vec4 v0x102c15cb0_0, 0, 8;
    %jmp T_2.257;
T_2.111 ;
    %pushi/vec4 168, 0, 8;
    %store/vec4 v0x102c15cb0_0, 0, 8;
    %jmp T_2.257;
T_2.112 ;
    %pushi/vec4 81, 0, 8;
    %store/vec4 v0x102c15cb0_0, 0, 8;
    %jmp T_2.257;
T_2.113 ;
    %pushi/vec4 163, 0, 8;
    %store/vec4 v0x102c15cb0_0, 0, 8;
    %jmp T_2.257;
T_2.114 ;
    %pushi/vec4 64, 0, 8;
    %store/vec4 v0x102c15cb0_0, 0, 8;
    %jmp T_2.257;
T_2.115 ;
    %pushi/vec4 143, 0, 8;
    %store/vec4 v0x102c15cb0_0, 0, 8;
    %jmp T_2.257;
T_2.116 ;
    %pushi/vec4 146, 0, 8;
    %store/vec4 v0x102c15cb0_0, 0, 8;
    %jmp T_2.257;
T_2.117 ;
    %pushi/vec4 157, 0, 8;
    %store/vec4 v0x102c15cb0_0, 0, 8;
    %jmp T_2.257;
T_2.118 ;
    %pushi/vec4 56, 0, 8;
    %store/vec4 v0x102c15cb0_0, 0, 8;
    %jmp T_2.257;
T_2.119 ;
    %pushi/vec4 245, 0, 8;
    %store/vec4 v0x102c15cb0_0, 0, 8;
    %jmp T_2.257;
T_2.120 ;
    %pushi/vec4 188, 0, 8;
    %store/vec4 v0x102c15cb0_0, 0, 8;
    %jmp T_2.257;
T_2.121 ;
    %pushi/vec4 182, 0, 8;
    %store/vec4 v0x102c15cb0_0, 0, 8;
    %jmp T_2.257;
T_2.122 ;
    %pushi/vec4 218, 0, 8;
    %store/vec4 v0x102c15cb0_0, 0, 8;
    %jmp T_2.257;
T_2.123 ;
    %pushi/vec4 33, 0, 8;
    %store/vec4 v0x102c15cb0_0, 0, 8;
    %jmp T_2.257;
T_2.124 ;
    %pushi/vec4 16, 0, 8;
    %store/vec4 v0x102c15cb0_0, 0, 8;
    %jmp T_2.257;
T_2.125 ;
    %pushi/vec4 255, 0, 8;
    %store/vec4 v0x102c15cb0_0, 0, 8;
    %jmp T_2.257;
T_2.126 ;
    %pushi/vec4 243, 0, 8;
    %store/vec4 v0x102c15cb0_0, 0, 8;
    %jmp T_2.257;
T_2.127 ;
    %pushi/vec4 210, 0, 8;
    %store/vec4 v0x102c15cb0_0, 0, 8;
    %jmp T_2.257;
T_2.128 ;
    %pushi/vec4 205, 0, 8;
    %store/vec4 v0x102c15cb0_0, 0, 8;
    %jmp T_2.257;
T_2.129 ;
    %pushi/vec4 12, 0, 8;
    %store/vec4 v0x102c15cb0_0, 0, 8;
    %jmp T_2.257;
T_2.130 ;
    %pushi/vec4 19, 0, 8;
    %store/vec4 v0x102c15cb0_0, 0, 8;
    %jmp T_2.257;
T_2.131 ;
    %pushi/vec4 236, 0, 8;
    %store/vec4 v0x102c15cb0_0, 0, 8;
    %jmp T_2.257;
T_2.132 ;
    %pushi/vec4 95, 0, 8;
    %store/vec4 v0x102c15cb0_0, 0, 8;
    %jmp T_2.257;
T_2.133 ;
    %pushi/vec4 151, 0, 8;
    %store/vec4 v0x102c15cb0_0, 0, 8;
    %jmp T_2.257;
T_2.134 ;
    %pushi/vec4 68, 0, 8;
    %store/vec4 v0x102c15cb0_0, 0, 8;
    %jmp T_2.257;
T_2.135 ;
    %pushi/vec4 23, 0, 8;
    %store/vec4 v0x102c15cb0_0, 0, 8;
    %jmp T_2.257;
T_2.136 ;
    %pushi/vec4 196, 0, 8;
    %store/vec4 v0x102c15cb0_0, 0, 8;
    %jmp T_2.257;
T_2.137 ;
    %pushi/vec4 167, 0, 8;
    %store/vec4 v0x102c15cb0_0, 0, 8;
    %jmp T_2.257;
T_2.138 ;
    %pushi/vec4 126, 0, 8;
    %store/vec4 v0x102c15cb0_0, 0, 8;
    %jmp T_2.257;
T_2.139 ;
    %pushi/vec4 61, 0, 8;
    %store/vec4 v0x102c15cb0_0, 0, 8;
    %jmp T_2.257;
T_2.140 ;
    %pushi/vec4 100, 0, 8;
    %store/vec4 v0x102c15cb0_0, 0, 8;
    %jmp T_2.257;
T_2.141 ;
    %pushi/vec4 93, 0, 8;
    %store/vec4 v0x102c15cb0_0, 0, 8;
    %jmp T_2.257;
T_2.142 ;
    %pushi/vec4 25, 0, 8;
    %store/vec4 v0x102c15cb0_0, 0, 8;
    %jmp T_2.257;
T_2.143 ;
    %pushi/vec4 115, 0, 8;
    %store/vec4 v0x102c15cb0_0, 0, 8;
    %jmp T_2.257;
T_2.144 ;
    %pushi/vec4 96, 0, 8;
    %store/vec4 v0x102c15cb0_0, 0, 8;
    %jmp T_2.257;
T_2.145 ;
    %pushi/vec4 129, 0, 8;
    %store/vec4 v0x102c15cb0_0, 0, 8;
    %jmp T_2.257;
T_2.146 ;
    %pushi/vec4 79, 0, 8;
    %store/vec4 v0x102c15cb0_0, 0, 8;
    %jmp T_2.257;
T_2.147 ;
    %pushi/vec4 220, 0, 8;
    %store/vec4 v0x102c15cb0_0, 0, 8;
    %jmp T_2.257;
T_2.148 ;
    %pushi/vec4 34, 0, 8;
    %store/vec4 v0x102c15cb0_0, 0, 8;
    %jmp T_2.257;
T_2.149 ;
    %pushi/vec4 42, 0, 8;
    %store/vec4 v0x102c15cb0_0, 0, 8;
    %jmp T_2.257;
T_2.150 ;
    %pushi/vec4 144, 0, 8;
    %store/vec4 v0x102c15cb0_0, 0, 8;
    %jmp T_2.257;
T_2.151 ;
    %pushi/vec4 136, 0, 8;
    %store/vec4 v0x102c15cb0_0, 0, 8;
    %jmp T_2.257;
T_2.152 ;
    %pushi/vec4 70, 0, 8;
    %store/vec4 v0x102c15cb0_0, 0, 8;
    %jmp T_2.257;
T_2.153 ;
    %pushi/vec4 238, 0, 8;
    %store/vec4 v0x102c15cb0_0, 0, 8;
    %jmp T_2.257;
T_2.154 ;
    %pushi/vec4 184, 0, 8;
    %store/vec4 v0x102c15cb0_0, 0, 8;
    %jmp T_2.257;
T_2.155 ;
    %pushi/vec4 20, 0, 8;
    %store/vec4 v0x102c15cb0_0, 0, 8;
    %jmp T_2.257;
T_2.156 ;
    %pushi/vec4 222, 0, 8;
    %store/vec4 v0x102c15cb0_0, 0, 8;
    %jmp T_2.257;
T_2.157 ;
    %pushi/vec4 94, 0, 8;
    %store/vec4 v0x102c15cb0_0, 0, 8;
    %jmp T_2.257;
T_2.158 ;
    %pushi/vec4 11, 0, 8;
    %store/vec4 v0x102c15cb0_0, 0, 8;
    %jmp T_2.257;
T_2.159 ;
    %pushi/vec4 219, 0, 8;
    %store/vec4 v0x102c15cb0_0, 0, 8;
    %jmp T_2.257;
T_2.160 ;
    %pushi/vec4 224, 0, 8;
    %store/vec4 v0x102c15cb0_0, 0, 8;
    %jmp T_2.257;
T_2.161 ;
    %pushi/vec4 50, 0, 8;
    %store/vec4 v0x102c15cb0_0, 0, 8;
    %jmp T_2.257;
T_2.162 ;
    %pushi/vec4 58, 0, 8;
    %store/vec4 v0x102c15cb0_0, 0, 8;
    %jmp T_2.257;
T_2.163 ;
    %pushi/vec4 10, 0, 8;
    %store/vec4 v0x102c15cb0_0, 0, 8;
    %jmp T_2.257;
T_2.164 ;
    %pushi/vec4 73, 0, 8;
    %store/vec4 v0x102c15cb0_0, 0, 8;
    %jmp T_2.257;
T_2.165 ;
    %pushi/vec4 6, 0, 8;
    %store/vec4 v0x102c15cb0_0, 0, 8;
    %jmp T_2.257;
T_2.166 ;
    %pushi/vec4 36, 0, 8;
    %store/vec4 v0x102c15cb0_0, 0, 8;
    %jmp T_2.257;
T_2.167 ;
    %pushi/vec4 92, 0, 8;
    %store/vec4 v0x102c15cb0_0, 0, 8;
    %jmp T_2.257;
T_2.168 ;
    %pushi/vec4 194, 0, 8;
    %store/vec4 v0x102c15cb0_0, 0, 8;
    %jmp T_2.257;
T_2.169 ;
    %pushi/vec4 211, 0, 8;
    %store/vec4 v0x102c15cb0_0, 0, 8;
    %jmp T_2.257;
T_2.170 ;
    %pushi/vec4 172, 0, 8;
    %store/vec4 v0x102c15cb0_0, 0, 8;
    %jmp T_2.257;
T_2.171 ;
    %pushi/vec4 98, 0, 8;
    %store/vec4 v0x102c15cb0_0, 0, 8;
    %jmp T_2.257;
T_2.172 ;
    %pushi/vec4 145, 0, 8;
    %store/vec4 v0x102c15cb0_0, 0, 8;
    %jmp T_2.257;
T_2.173 ;
    %pushi/vec4 149, 0, 8;
    %store/vec4 v0x102c15cb0_0, 0, 8;
    %jmp T_2.257;
T_2.174 ;
    %pushi/vec4 228, 0, 8;
    %store/vec4 v0x102c15cb0_0, 0, 8;
    %jmp T_2.257;
T_2.175 ;
    %pushi/vec4 121, 0, 8;
    %store/vec4 v0x102c15cb0_0, 0, 8;
    %jmp T_2.257;
T_2.176 ;
    %pushi/vec4 231, 0, 8;
    %store/vec4 v0x102c15cb0_0, 0, 8;
    %jmp T_2.257;
T_2.177 ;
    %pushi/vec4 200, 0, 8;
    %store/vec4 v0x102c15cb0_0, 0, 8;
    %jmp T_2.257;
T_2.178 ;
    %pushi/vec4 55, 0, 8;
    %store/vec4 v0x102c15cb0_0, 0, 8;
    %jmp T_2.257;
T_2.179 ;
    %pushi/vec4 109, 0, 8;
    %store/vec4 v0x102c15cb0_0, 0, 8;
    %jmp T_2.257;
T_2.180 ;
    %pushi/vec4 141, 0, 8;
    %store/vec4 v0x102c15cb0_0, 0, 8;
    %jmp T_2.257;
T_2.181 ;
    %pushi/vec4 213, 0, 8;
    %store/vec4 v0x102c15cb0_0, 0, 8;
    %jmp T_2.257;
T_2.182 ;
    %pushi/vec4 78, 0, 8;
    %store/vec4 v0x102c15cb0_0, 0, 8;
    %jmp T_2.257;
T_2.183 ;
    %pushi/vec4 169, 0, 8;
    %store/vec4 v0x102c15cb0_0, 0, 8;
    %jmp T_2.257;
T_2.184 ;
    %pushi/vec4 108, 0, 8;
    %store/vec4 v0x102c15cb0_0, 0, 8;
    %jmp T_2.257;
T_2.185 ;
    %pushi/vec4 86, 0, 8;
    %store/vec4 v0x102c15cb0_0, 0, 8;
    %jmp T_2.257;
T_2.186 ;
    %pushi/vec4 244, 0, 8;
    %store/vec4 v0x102c15cb0_0, 0, 8;
    %jmp T_2.257;
T_2.187 ;
    %pushi/vec4 234, 0, 8;
    %store/vec4 v0x102c15cb0_0, 0, 8;
    %jmp T_2.257;
T_2.188 ;
    %pushi/vec4 101, 0, 8;
    %store/vec4 v0x102c15cb0_0, 0, 8;
    %jmp T_2.257;
T_2.189 ;
    %pushi/vec4 122, 0, 8;
    %store/vec4 v0x102c15cb0_0, 0, 8;
    %jmp T_2.257;
T_2.190 ;
    %pushi/vec4 174, 0, 8;
    %store/vec4 v0x102c15cb0_0, 0, 8;
    %jmp T_2.257;
T_2.191 ;
    %pushi/vec4 8, 0, 8;
    %store/vec4 v0x102c15cb0_0, 0, 8;
    %jmp T_2.257;
T_2.192 ;
    %pushi/vec4 186, 0, 8;
    %store/vec4 v0x102c15cb0_0, 0, 8;
    %jmp T_2.257;
T_2.193 ;
    %pushi/vec4 120, 0, 8;
    %store/vec4 v0x102c15cb0_0, 0, 8;
    %jmp T_2.257;
T_2.194 ;
    %pushi/vec4 37, 0, 8;
    %store/vec4 v0x102c15cb0_0, 0, 8;
    %jmp T_2.257;
T_2.195 ;
    %pushi/vec4 46, 0, 8;
    %store/vec4 v0x102c15cb0_0, 0, 8;
    %jmp T_2.257;
T_2.196 ;
    %pushi/vec4 28, 0, 8;
    %store/vec4 v0x102c15cb0_0, 0, 8;
    %jmp T_2.257;
T_2.197 ;
    %pushi/vec4 166, 0, 8;
    %store/vec4 v0x102c15cb0_0, 0, 8;
    %jmp T_2.257;
T_2.198 ;
    %pushi/vec4 180, 0, 8;
    %store/vec4 v0x102c15cb0_0, 0, 8;
    %jmp T_2.257;
T_2.199 ;
    %pushi/vec4 198, 0, 8;
    %store/vec4 v0x102c15cb0_0, 0, 8;
    %jmp T_2.257;
T_2.200 ;
    %pushi/vec4 232, 0, 8;
    %store/vec4 v0x102c15cb0_0, 0, 8;
    %jmp T_2.257;
T_2.201 ;
    %pushi/vec4 221, 0, 8;
    %store/vec4 v0x102c15cb0_0, 0, 8;
    %jmp T_2.257;
T_2.202 ;
    %pushi/vec4 116, 0, 8;
    %store/vec4 v0x102c15cb0_0, 0, 8;
    %jmp T_2.257;
T_2.203 ;
    %pushi/vec4 31, 0, 8;
    %store/vec4 v0x102c15cb0_0, 0, 8;
    %jmp T_2.257;
T_2.204 ;
    %pushi/vec4 75, 0, 8;
    %store/vec4 v0x102c15cb0_0, 0, 8;
    %jmp T_2.257;
T_2.205 ;
    %pushi/vec4 189, 0, 8;
    %store/vec4 v0x102c15cb0_0, 0, 8;
    %jmp T_2.257;
T_2.206 ;
    %pushi/vec4 139, 0, 8;
    %store/vec4 v0x102c15cb0_0, 0, 8;
    %jmp T_2.257;
T_2.207 ;
    %pushi/vec4 138, 0, 8;
    %store/vec4 v0x102c15cb0_0, 0, 8;
    %jmp T_2.257;
T_2.208 ;
    %pushi/vec4 112, 0, 8;
    %store/vec4 v0x102c15cb0_0, 0, 8;
    %jmp T_2.257;
T_2.209 ;
    %pushi/vec4 62, 0, 8;
    %store/vec4 v0x102c15cb0_0, 0, 8;
    %jmp T_2.257;
T_2.210 ;
    %pushi/vec4 181, 0, 8;
    %store/vec4 v0x102c15cb0_0, 0, 8;
    %jmp T_2.257;
T_2.211 ;
    %pushi/vec4 102, 0, 8;
    %store/vec4 v0x102c15cb0_0, 0, 8;
    %jmp T_2.257;
T_2.212 ;
    %pushi/vec4 72, 0, 8;
    %store/vec4 v0x102c15cb0_0, 0, 8;
    %jmp T_2.257;
T_2.213 ;
    %pushi/vec4 3, 0, 8;
    %store/vec4 v0x102c15cb0_0, 0, 8;
    %jmp T_2.257;
T_2.214 ;
    %pushi/vec4 246, 0, 8;
    %store/vec4 v0x102c15cb0_0, 0, 8;
    %jmp T_2.257;
T_2.215 ;
    %pushi/vec4 14, 0, 8;
    %store/vec4 v0x102c15cb0_0, 0, 8;
    %jmp T_2.257;
T_2.216 ;
    %pushi/vec4 97, 0, 8;
    %store/vec4 v0x102c15cb0_0, 0, 8;
    %jmp T_2.257;
T_2.217 ;
    %pushi/vec4 53, 0, 8;
    %store/vec4 v0x102c15cb0_0, 0, 8;
    %jmp T_2.257;
T_2.218 ;
    %pushi/vec4 87, 0, 8;
    %store/vec4 v0x102c15cb0_0, 0, 8;
    %jmp T_2.257;
T_2.219 ;
    %pushi/vec4 185, 0, 8;
    %store/vec4 v0x102c15cb0_0, 0, 8;
    %jmp T_2.257;
T_2.220 ;
    %pushi/vec4 134, 0, 8;
    %store/vec4 v0x102c15cb0_0, 0, 8;
    %jmp T_2.257;
T_2.221 ;
    %pushi/vec4 193, 0, 8;
    %store/vec4 v0x102c15cb0_0, 0, 8;
    %jmp T_2.257;
T_2.222 ;
    %pushi/vec4 29, 0, 8;
    %store/vec4 v0x102c15cb0_0, 0, 8;
    %jmp T_2.257;
T_2.223 ;
    %pushi/vec4 158, 0, 8;
    %store/vec4 v0x102c15cb0_0, 0, 8;
    %jmp T_2.257;
T_2.224 ;
    %pushi/vec4 225, 0, 8;
    %store/vec4 v0x102c15cb0_0, 0, 8;
    %jmp T_2.257;
T_2.225 ;
    %pushi/vec4 248, 0, 8;
    %store/vec4 v0x102c15cb0_0, 0, 8;
    %jmp T_2.257;
T_2.226 ;
    %pushi/vec4 152, 0, 8;
    %store/vec4 v0x102c15cb0_0, 0, 8;
    %jmp T_2.257;
T_2.227 ;
    %pushi/vec4 17, 0, 8;
    %store/vec4 v0x102c15cb0_0, 0, 8;
    %jmp T_2.257;
T_2.228 ;
    %pushi/vec4 105, 0, 8;
    %store/vec4 v0x102c15cb0_0, 0, 8;
    %jmp T_2.257;
T_2.229 ;
    %pushi/vec4 217, 0, 8;
    %store/vec4 v0x102c15cb0_0, 0, 8;
    %jmp T_2.257;
T_2.230 ;
    %pushi/vec4 142, 0, 8;
    %store/vec4 v0x102c15cb0_0, 0, 8;
    %jmp T_2.257;
T_2.231 ;
    %pushi/vec4 148, 0, 8;
    %store/vec4 v0x102c15cb0_0, 0, 8;
    %jmp T_2.257;
T_2.232 ;
    %pushi/vec4 155, 0, 8;
    %store/vec4 v0x102c15cb0_0, 0, 8;
    %jmp T_2.257;
T_2.233 ;
    %pushi/vec4 30, 0, 8;
    %store/vec4 v0x102c15cb0_0, 0, 8;
    %jmp T_2.257;
T_2.234 ;
    %pushi/vec4 135, 0, 8;
    %store/vec4 v0x102c15cb0_0, 0, 8;
    %jmp T_2.257;
T_2.235 ;
    %pushi/vec4 233, 0, 8;
    %store/vec4 v0x102c15cb0_0, 0, 8;
    %jmp T_2.257;
T_2.236 ;
    %pushi/vec4 206, 0, 8;
    %store/vec4 v0x102c15cb0_0, 0, 8;
    %jmp T_2.257;
T_2.237 ;
    %pushi/vec4 85, 0, 8;
    %store/vec4 v0x102c15cb0_0, 0, 8;
    %jmp T_2.257;
T_2.238 ;
    %pushi/vec4 40, 0, 8;
    %store/vec4 v0x102c15cb0_0, 0, 8;
    %jmp T_2.257;
T_2.239 ;
    %pushi/vec4 223, 0, 8;
    %store/vec4 v0x102c15cb0_0, 0, 8;
    %jmp T_2.257;
T_2.240 ;
    %pushi/vec4 140, 0, 8;
    %store/vec4 v0x102c15cb0_0, 0, 8;
    %jmp T_2.257;
T_2.241 ;
    %pushi/vec4 161, 0, 8;
    %store/vec4 v0x102c15cb0_0, 0, 8;
    %jmp T_2.257;
T_2.242 ;
    %pushi/vec4 137, 0, 8;
    %store/vec4 v0x102c15cb0_0, 0, 8;
    %jmp T_2.257;
T_2.243 ;
    %pushi/vec4 13, 0, 8;
    %store/vec4 v0x102c15cb0_0, 0, 8;
    %jmp T_2.257;
T_2.244 ;
    %pushi/vec4 191, 0, 8;
    %store/vec4 v0x102c15cb0_0, 0, 8;
    %jmp T_2.257;
T_2.245 ;
    %pushi/vec4 230, 0, 8;
    %store/vec4 v0x102c15cb0_0, 0, 8;
    %jmp T_2.257;
T_2.246 ;
    %pushi/vec4 66, 0, 8;
    %store/vec4 v0x102c15cb0_0, 0, 8;
    %jmp T_2.257;
T_2.247 ;
    %pushi/vec4 104, 0, 8;
    %store/vec4 v0x102c15cb0_0, 0, 8;
    %jmp T_2.257;
T_2.248 ;
    %pushi/vec4 65, 0, 8;
    %store/vec4 v0x102c15cb0_0, 0, 8;
    %jmp T_2.257;
T_2.249 ;
    %pushi/vec4 153, 0, 8;
    %store/vec4 v0x102c15cb0_0, 0, 8;
    %jmp T_2.257;
T_2.250 ;
    %pushi/vec4 45, 0, 8;
    %store/vec4 v0x102c15cb0_0, 0, 8;
    %jmp T_2.257;
T_2.251 ;
    %pushi/vec4 15, 0, 8;
    %store/vec4 v0x102c15cb0_0, 0, 8;
    %jmp T_2.257;
T_2.252 ;
    %pushi/vec4 176, 0, 8;
    %store/vec4 v0x102c15cb0_0, 0, 8;
    %jmp T_2.257;
T_2.253 ;
    %pushi/vec4 84, 0, 8;
    %store/vec4 v0x102c15cb0_0, 0, 8;
    %jmp T_2.257;
T_2.254 ;
    %pushi/vec4 187, 0, 8;
    %store/vec4 v0x102c15cb0_0, 0, 8;
    %jmp T_2.257;
T_2.255 ;
    %pushi/vec4 22, 0, 8;
    %store/vec4 v0x102c15cb0_0, 0, 8;
    %jmp T_2.257;
T_2.257 ;
    %pop/vec4 1;
    %jmp T_2;
    .thread T_2, $push;
    .scope S_0x102c16d30;
T_3 ;
Ewait_2 .event/or E_0x8a2cd1740, E_0x0;
    %wait Ewait_2;
    %load/vec4 v0x8a2cf4000_0;
    %dup/vec4;
    %pushi/vec4 0, 0, 8;
    %cmp/u;
    %jmp/1 T_3.0, 6;
    %dup/vec4;
    %pushi/vec4 1, 0, 8;
    %cmp/u;
    %jmp/1 T_3.1, 6;
    %dup/vec4;
    %pushi/vec4 2, 0, 8;
    %cmp/u;
    %jmp/1 T_3.2, 6;
    %dup/vec4;
    %pushi/vec4 3, 0, 8;
    %cmp/u;
    %jmp/1 T_3.3, 6;
    %dup/vec4;
    %pushi/vec4 4, 0, 8;
    %cmp/u;
    %jmp/1 T_3.4, 6;
    %dup/vec4;
    %pushi/vec4 5, 0, 8;
    %cmp/u;
    %jmp/1 T_3.5, 6;
    %dup/vec4;
    %pushi/vec4 6, 0, 8;
    %cmp/u;
    %jmp/1 T_3.6, 6;
    %dup/vec4;
    %pushi/vec4 7, 0, 8;
    %cmp/u;
    %jmp/1 T_3.7, 6;
    %dup/vec4;
    %pushi/vec4 8, 0, 8;
    %cmp/u;
    %jmp/1 T_3.8, 6;
    %dup/vec4;
    %pushi/vec4 9, 0, 8;
    %cmp/u;
    %jmp/1 T_3.9, 6;
    %dup/vec4;
    %pushi/vec4 10, 0, 8;
    %cmp/u;
    %jmp/1 T_3.10, 6;
    %dup/vec4;
    %pushi/vec4 11, 0, 8;
    %cmp/u;
    %jmp/1 T_3.11, 6;
    %dup/vec4;
    %pushi/vec4 12, 0, 8;
    %cmp/u;
    %jmp/1 T_3.12, 6;
    %dup/vec4;
    %pushi/vec4 13, 0, 8;
    %cmp/u;
    %jmp/1 T_3.13, 6;
    %dup/vec4;
    %pushi/vec4 14, 0, 8;
    %cmp/u;
    %jmp/1 T_3.14, 6;
    %dup/vec4;
    %pushi/vec4 15, 0, 8;
    %cmp/u;
    %jmp/1 T_3.15, 6;
    %dup/vec4;
    %pushi/vec4 16, 0, 8;
    %cmp/u;
    %jmp/1 T_3.16, 6;
    %dup/vec4;
    %pushi/vec4 17, 0, 8;
    %cmp/u;
    %jmp/1 T_3.17, 6;
    %dup/vec4;
    %pushi/vec4 18, 0, 8;
    %cmp/u;
    %jmp/1 T_3.18, 6;
    %dup/vec4;
    %pushi/vec4 19, 0, 8;
    %cmp/u;
    %jmp/1 T_3.19, 6;
    %dup/vec4;
    %pushi/vec4 20, 0, 8;
    %cmp/u;
    %jmp/1 T_3.20, 6;
    %dup/vec4;
    %pushi/vec4 21, 0, 8;
    %cmp/u;
    %jmp/1 T_3.21, 6;
    %dup/vec4;
    %pushi/vec4 22, 0, 8;
    %cmp/u;
    %jmp/1 T_3.22, 6;
    %dup/vec4;
    %pushi/vec4 23, 0, 8;
    %cmp/u;
    %jmp/1 T_3.23, 6;
    %dup/vec4;
    %pushi/vec4 24, 0, 8;
    %cmp/u;
    %jmp/1 T_3.24, 6;
    %dup/vec4;
    %pushi/vec4 25, 0, 8;
    %cmp/u;
    %jmp/1 T_3.25, 6;
    %dup/vec4;
    %pushi/vec4 26, 0, 8;
    %cmp/u;
    %jmp/1 T_3.26, 6;
    %dup/vec4;
    %pushi/vec4 27, 0, 8;
    %cmp/u;
    %jmp/1 T_3.27, 6;
    %dup/vec4;
    %pushi/vec4 28, 0, 8;
    %cmp/u;
    %jmp/1 T_3.28, 6;
    %dup/vec4;
    %pushi/vec4 29, 0, 8;
    %cmp/u;
    %jmp/1 T_3.29, 6;
    %dup/vec4;
    %pushi/vec4 30, 0, 8;
    %cmp/u;
    %jmp/1 T_3.30, 6;
    %dup/vec4;
    %pushi/vec4 31, 0, 8;
    %cmp/u;
    %jmp/1 T_3.31, 6;
    %dup/vec4;
    %pushi/vec4 32, 0, 8;
    %cmp/u;
    %jmp/1 T_3.32, 6;
    %dup/vec4;
    %pushi/vec4 33, 0, 8;
    %cmp/u;
    %jmp/1 T_3.33, 6;
    %dup/vec4;
    %pushi/vec4 34, 0, 8;
    %cmp/u;
    %jmp/1 T_3.34, 6;
    %dup/vec4;
    %pushi/vec4 35, 0, 8;
    %cmp/u;
    %jmp/1 T_3.35, 6;
    %dup/vec4;
    %pushi/vec4 36, 0, 8;
    %cmp/u;
    %jmp/1 T_3.36, 6;
    %dup/vec4;
    %pushi/vec4 37, 0, 8;
    %cmp/u;
    %jmp/1 T_3.37, 6;
    %dup/vec4;
    %pushi/vec4 38, 0, 8;
    %cmp/u;
    %jmp/1 T_3.38, 6;
    %dup/vec4;
    %pushi/vec4 39, 0, 8;
    %cmp/u;
    %jmp/1 T_3.39, 6;
    %dup/vec4;
    %pushi/vec4 40, 0, 8;
    %cmp/u;
    %jmp/1 T_3.40, 6;
    %dup/vec4;
    %pushi/vec4 41, 0, 8;
    %cmp/u;
    %jmp/1 T_3.41, 6;
    %dup/vec4;
    %pushi/vec4 42, 0, 8;
    %cmp/u;
    %jmp/1 T_3.42, 6;
    %dup/vec4;
    %pushi/vec4 43, 0, 8;
    %cmp/u;
    %jmp/1 T_3.43, 6;
    %dup/vec4;
    %pushi/vec4 44, 0, 8;
    %cmp/u;
    %jmp/1 T_3.44, 6;
    %dup/vec4;
    %pushi/vec4 45, 0, 8;
    %cmp/u;
    %jmp/1 T_3.45, 6;
    %dup/vec4;
    %pushi/vec4 46, 0, 8;
    %cmp/u;
    %jmp/1 T_3.46, 6;
    %dup/vec4;
    %pushi/vec4 47, 0, 8;
    %cmp/u;
    %jmp/1 T_3.47, 6;
    %dup/vec4;
    %pushi/vec4 48, 0, 8;
    %cmp/u;
    %jmp/1 T_3.48, 6;
    %dup/vec4;
    %pushi/vec4 49, 0, 8;
    %cmp/u;
    %jmp/1 T_3.49, 6;
    %dup/vec4;
    %pushi/vec4 50, 0, 8;
    %cmp/u;
    %jmp/1 T_3.50, 6;
    %dup/vec4;
    %pushi/vec4 51, 0, 8;
    %cmp/u;
    %jmp/1 T_3.51, 6;
    %dup/vec4;
    %pushi/vec4 52, 0, 8;
    %cmp/u;
    %jmp/1 T_3.52, 6;
    %dup/vec4;
    %pushi/vec4 53, 0, 8;
    %cmp/u;
    %jmp/1 T_3.53, 6;
    %dup/vec4;
    %pushi/vec4 54, 0, 8;
    %cmp/u;
    %jmp/1 T_3.54, 6;
    %dup/vec4;
    %pushi/vec4 55, 0, 8;
    %cmp/u;
    %jmp/1 T_3.55, 6;
    %dup/vec4;
    %pushi/vec4 56, 0, 8;
    %cmp/u;
    %jmp/1 T_3.56, 6;
    %dup/vec4;
    %pushi/vec4 57, 0, 8;
    %cmp/u;
    %jmp/1 T_3.57, 6;
    %dup/vec4;
    %pushi/vec4 58, 0, 8;
    %cmp/u;
    %jmp/1 T_3.58, 6;
    %dup/vec4;
    %pushi/vec4 59, 0, 8;
    %cmp/u;
    %jmp/1 T_3.59, 6;
    %dup/vec4;
    %pushi/vec4 60, 0, 8;
    %cmp/u;
    %jmp/1 T_3.60, 6;
    %dup/vec4;
    %pushi/vec4 61, 0, 8;
    %cmp/u;
    %jmp/1 T_3.61, 6;
    %dup/vec4;
    %pushi/vec4 62, 0, 8;
    %cmp/u;
    %jmp/1 T_3.62, 6;
    %dup/vec4;
    %pushi/vec4 63, 0, 8;
    %cmp/u;
    %jmp/1 T_3.63, 6;
    %dup/vec4;
    %pushi/vec4 64, 0, 8;
    %cmp/u;
    %jmp/1 T_3.64, 6;
    %dup/vec4;
    %pushi/vec4 65, 0, 8;
    %cmp/u;
    %jmp/1 T_3.65, 6;
    %dup/vec4;
    %pushi/vec4 66, 0, 8;
    %cmp/u;
    %jmp/1 T_3.66, 6;
    %dup/vec4;
    %pushi/vec4 67, 0, 8;
    %cmp/u;
    %jmp/1 T_3.67, 6;
    %dup/vec4;
    %pushi/vec4 68, 0, 8;
    %cmp/u;
    %jmp/1 T_3.68, 6;
    %dup/vec4;
    %pushi/vec4 69, 0, 8;
    %cmp/u;
    %jmp/1 T_3.69, 6;
    %dup/vec4;
    %pushi/vec4 70, 0, 8;
    %cmp/u;
    %jmp/1 T_3.70, 6;
    %dup/vec4;
    %pushi/vec4 71, 0, 8;
    %cmp/u;
    %jmp/1 T_3.71, 6;
    %dup/vec4;
    %pushi/vec4 72, 0, 8;
    %cmp/u;
    %jmp/1 T_3.72, 6;
    %dup/vec4;
    %pushi/vec4 73, 0, 8;
    %cmp/u;
    %jmp/1 T_3.73, 6;
    %dup/vec4;
    %pushi/vec4 74, 0, 8;
    %cmp/u;
    %jmp/1 T_3.74, 6;
    %dup/vec4;
    %pushi/vec4 75, 0, 8;
    %cmp/u;
    %jmp/1 T_3.75, 6;
    %dup/vec4;
    %pushi/vec4 76, 0, 8;
    %cmp/u;
    %jmp/1 T_3.76, 6;
    %dup/vec4;
    %pushi/vec4 77, 0, 8;
    %cmp/u;
    %jmp/1 T_3.77, 6;
    %dup/vec4;
    %pushi/vec4 78, 0, 8;
    %cmp/u;
    %jmp/1 T_3.78, 6;
    %dup/vec4;
    %pushi/vec4 79, 0, 8;
    %cmp/u;
    %jmp/1 T_3.79, 6;
    %dup/vec4;
    %pushi/vec4 80, 0, 8;
    %cmp/u;
    %jmp/1 T_3.80, 6;
    %dup/vec4;
    %pushi/vec4 81, 0, 8;
    %cmp/u;
    %jmp/1 T_3.81, 6;
    %dup/vec4;
    %pushi/vec4 82, 0, 8;
    %cmp/u;
    %jmp/1 T_3.82, 6;
    %dup/vec4;
    %pushi/vec4 83, 0, 8;
    %cmp/u;
    %jmp/1 T_3.83, 6;
    %dup/vec4;
    %pushi/vec4 84, 0, 8;
    %cmp/u;
    %jmp/1 T_3.84, 6;
    %dup/vec4;
    %pushi/vec4 85, 0, 8;
    %cmp/u;
    %jmp/1 T_3.85, 6;
    %dup/vec4;
    %pushi/vec4 86, 0, 8;
    %cmp/u;
    %jmp/1 T_3.86, 6;
    %dup/vec4;
    %pushi/vec4 87, 0, 8;
    %cmp/u;
    %jmp/1 T_3.87, 6;
    %dup/vec4;
    %pushi/vec4 88, 0, 8;
    %cmp/u;
    %jmp/1 T_3.88, 6;
    %dup/vec4;
    %pushi/vec4 89, 0, 8;
    %cmp/u;
    %jmp/1 T_3.89, 6;
    %dup/vec4;
    %pushi/vec4 90, 0, 8;
    %cmp/u;
    %jmp/1 T_3.90, 6;
    %dup/vec4;
    %pushi/vec4 91, 0, 8;
    %cmp/u;
    %jmp/1 T_3.91, 6;
    %dup/vec4;
    %pushi/vec4 92, 0, 8;
    %cmp/u;
    %jmp/1 T_3.92, 6;
    %dup/vec4;
    %pushi/vec4 93, 0, 8;
    %cmp/u;
    %jmp/1 T_3.93, 6;
    %dup/vec4;
    %pushi/vec4 94, 0, 8;
    %cmp/u;
    %jmp/1 T_3.94, 6;
    %dup/vec4;
    %pushi/vec4 95, 0, 8;
    %cmp/u;
    %jmp/1 T_3.95, 6;
    %dup/vec4;
    %pushi/vec4 96, 0, 8;
    %cmp/u;
    %jmp/1 T_3.96, 6;
    %dup/vec4;
    %pushi/vec4 97, 0, 8;
    %cmp/u;
    %jmp/1 T_3.97, 6;
    %dup/vec4;
    %pushi/vec4 98, 0, 8;
    %cmp/u;
    %jmp/1 T_3.98, 6;
    %dup/vec4;
    %pushi/vec4 99, 0, 8;
    %cmp/u;
    %jmp/1 T_3.99, 6;
    %dup/vec4;
    %pushi/vec4 100, 0, 8;
    %cmp/u;
    %jmp/1 T_3.100, 6;
    %dup/vec4;
    %pushi/vec4 101, 0, 8;
    %cmp/u;
    %jmp/1 T_3.101, 6;
    %dup/vec4;
    %pushi/vec4 102, 0, 8;
    %cmp/u;
    %jmp/1 T_3.102, 6;
    %dup/vec4;
    %pushi/vec4 103, 0, 8;
    %cmp/u;
    %jmp/1 T_3.103, 6;
    %dup/vec4;
    %pushi/vec4 104, 0, 8;
    %cmp/u;
    %jmp/1 T_3.104, 6;
    %dup/vec4;
    %pushi/vec4 105, 0, 8;
    %cmp/u;
    %jmp/1 T_3.105, 6;
    %dup/vec4;
    %pushi/vec4 106, 0, 8;
    %cmp/u;
    %jmp/1 T_3.106, 6;
    %dup/vec4;
    %pushi/vec4 107, 0, 8;
    %cmp/u;
    %jmp/1 T_3.107, 6;
    %dup/vec4;
    %pushi/vec4 108, 0, 8;
    %cmp/u;
    %jmp/1 T_3.108, 6;
    %dup/vec4;
    %pushi/vec4 109, 0, 8;
    %cmp/u;
    %jmp/1 T_3.109, 6;
    %dup/vec4;
    %pushi/vec4 110, 0, 8;
    %cmp/u;
    %jmp/1 T_3.110, 6;
    %dup/vec4;
    %pushi/vec4 111, 0, 8;
    %cmp/u;
    %jmp/1 T_3.111, 6;
    %dup/vec4;
    %pushi/vec4 112, 0, 8;
    %cmp/u;
    %jmp/1 T_3.112, 6;
    %dup/vec4;
    %pushi/vec4 113, 0, 8;
    %cmp/u;
    %jmp/1 T_3.113, 6;
    %dup/vec4;
    %pushi/vec4 114, 0, 8;
    %cmp/u;
    %jmp/1 T_3.114, 6;
    %dup/vec4;
    %pushi/vec4 115, 0, 8;
    %cmp/u;
    %jmp/1 T_3.115, 6;
    %dup/vec4;
    %pushi/vec4 116, 0, 8;
    %cmp/u;
    %jmp/1 T_3.116, 6;
    %dup/vec4;
    %pushi/vec4 117, 0, 8;
    %cmp/u;
    %jmp/1 T_3.117, 6;
    %dup/vec4;
    %pushi/vec4 118, 0, 8;
    %cmp/u;
    %jmp/1 T_3.118, 6;
    %dup/vec4;
    %pushi/vec4 119, 0, 8;
    %cmp/u;
    %jmp/1 T_3.119, 6;
    %dup/vec4;
    %pushi/vec4 120, 0, 8;
    %cmp/u;
    %jmp/1 T_3.120, 6;
    %dup/vec4;
    %pushi/vec4 121, 0, 8;
    %cmp/u;
    %jmp/1 T_3.121, 6;
    %dup/vec4;
    %pushi/vec4 122, 0, 8;
    %cmp/u;
    %jmp/1 T_3.122, 6;
    %dup/vec4;
    %pushi/vec4 123, 0, 8;
    %cmp/u;
    %jmp/1 T_3.123, 6;
    %dup/vec4;
    %pushi/vec4 124, 0, 8;
    %cmp/u;
    %jmp/1 T_3.124, 6;
    %dup/vec4;
    %pushi/vec4 125, 0, 8;
    %cmp/u;
    %jmp/1 T_3.125, 6;
    %dup/vec4;
    %pushi/vec4 126, 0, 8;
    %cmp/u;
    %jmp/1 T_3.126, 6;
    %dup/vec4;
    %pushi/vec4 127, 0, 8;
    %cmp/u;
    %jmp/1 T_3.127, 6;
    %dup/vec4;
    %pushi/vec4 128, 0, 8;
    %cmp/u;
    %jmp/1 T_3.128, 6;
    %dup/vec4;
    %pushi/vec4 129, 0, 8;
    %cmp/u;
    %jmp/1 T_3.129, 6;
    %dup/vec4;
    %pushi/vec4 130, 0, 8;
    %cmp/u;
    %jmp/1 T_3.130, 6;
    %dup/vec4;
    %pushi/vec4 131, 0, 8;
    %cmp/u;
    %jmp/1 T_3.131, 6;
    %dup/vec4;
    %pushi/vec4 132, 0, 8;
    %cmp/u;
    %jmp/1 T_3.132, 6;
    %dup/vec4;
    %pushi/vec4 133, 0, 8;
    %cmp/u;
    %jmp/1 T_3.133, 6;
    %dup/vec4;
    %pushi/vec4 134, 0, 8;
    %cmp/u;
    %jmp/1 T_3.134, 6;
    %dup/vec4;
    %pushi/vec4 135, 0, 8;
    %cmp/u;
    %jmp/1 T_3.135, 6;
    %dup/vec4;
    %pushi/vec4 136, 0, 8;
    %cmp/u;
    %jmp/1 T_3.136, 6;
    %dup/vec4;
    %pushi/vec4 137, 0, 8;
    %cmp/u;
    %jmp/1 T_3.137, 6;
    %dup/vec4;
    %pushi/vec4 138, 0, 8;
    %cmp/u;
    %jmp/1 T_3.138, 6;
    %dup/vec4;
    %pushi/vec4 139, 0, 8;
    %cmp/u;
    %jmp/1 T_3.139, 6;
    %dup/vec4;
    %pushi/vec4 140, 0, 8;
    %cmp/u;
    %jmp/1 T_3.140, 6;
    %dup/vec4;
    %pushi/vec4 141, 0, 8;
    %cmp/u;
    %jmp/1 T_3.141, 6;
    %dup/vec4;
    %pushi/vec4 142, 0, 8;
    %cmp/u;
    %jmp/1 T_3.142, 6;
    %dup/vec4;
    %pushi/vec4 143, 0, 8;
    %cmp/u;
    %jmp/1 T_3.143, 6;
    %dup/vec4;
    %pushi/vec4 144, 0, 8;
    %cmp/u;
    %jmp/1 T_3.144, 6;
    %dup/vec4;
    %pushi/vec4 145, 0, 8;
    %cmp/u;
    %jmp/1 T_3.145, 6;
    %dup/vec4;
    %pushi/vec4 146, 0, 8;
    %cmp/u;
    %jmp/1 T_3.146, 6;
    %dup/vec4;
    %pushi/vec4 147, 0, 8;
    %cmp/u;
    %jmp/1 T_3.147, 6;
    %dup/vec4;
    %pushi/vec4 148, 0, 8;
    %cmp/u;
    %jmp/1 T_3.148, 6;
    %dup/vec4;
    %pushi/vec4 149, 0, 8;
    %cmp/u;
    %jmp/1 T_3.149, 6;
    %dup/vec4;
    %pushi/vec4 150, 0, 8;
    %cmp/u;
    %jmp/1 T_3.150, 6;
    %dup/vec4;
    %pushi/vec4 151, 0, 8;
    %cmp/u;
    %jmp/1 T_3.151, 6;
    %dup/vec4;
    %pushi/vec4 152, 0, 8;
    %cmp/u;
    %jmp/1 T_3.152, 6;
    %dup/vec4;
    %pushi/vec4 153, 0, 8;
    %cmp/u;
    %jmp/1 T_3.153, 6;
    %dup/vec4;
    %pushi/vec4 154, 0, 8;
    %cmp/u;
    %jmp/1 T_3.154, 6;
    %dup/vec4;
    %pushi/vec4 155, 0, 8;
    %cmp/u;
    %jmp/1 T_3.155, 6;
    %dup/vec4;
    %pushi/vec4 156, 0, 8;
    %cmp/u;
    %jmp/1 T_3.156, 6;
    %dup/vec4;
    %pushi/vec4 157, 0, 8;
    %cmp/u;
    %jmp/1 T_3.157, 6;
    %dup/vec4;
    %pushi/vec4 158, 0, 8;
    %cmp/u;
    %jmp/1 T_3.158, 6;
    %dup/vec4;
    %pushi/vec4 159, 0, 8;
    %cmp/u;
    %jmp/1 T_3.159, 6;
    %dup/vec4;
    %pushi/vec4 160, 0, 8;
    %cmp/u;
    %jmp/1 T_3.160, 6;
    %dup/vec4;
    %pushi/vec4 161, 0, 8;
    %cmp/u;
    %jmp/1 T_3.161, 6;
    %dup/vec4;
    %pushi/vec4 162, 0, 8;
    %cmp/u;
    %jmp/1 T_3.162, 6;
    %dup/vec4;
    %pushi/vec4 163, 0, 8;
    %cmp/u;
    %jmp/1 T_3.163, 6;
    %dup/vec4;
    %pushi/vec4 164, 0, 8;
    %cmp/u;
    %jmp/1 T_3.164, 6;
    %dup/vec4;
    %pushi/vec4 165, 0, 8;
    %cmp/u;
    %jmp/1 T_3.165, 6;
    %dup/vec4;
    %pushi/vec4 166, 0, 8;
    %cmp/u;
    %jmp/1 T_3.166, 6;
    %dup/vec4;
    %pushi/vec4 167, 0, 8;
    %cmp/u;
    %jmp/1 T_3.167, 6;
    %dup/vec4;
    %pushi/vec4 168, 0, 8;
    %cmp/u;
    %jmp/1 T_3.168, 6;
    %dup/vec4;
    %pushi/vec4 169, 0, 8;
    %cmp/u;
    %jmp/1 T_3.169, 6;
    %dup/vec4;
    %pushi/vec4 170, 0, 8;
    %cmp/u;
    %jmp/1 T_3.170, 6;
    %dup/vec4;
    %pushi/vec4 171, 0, 8;
    %cmp/u;
    %jmp/1 T_3.171, 6;
    %dup/vec4;
    %pushi/vec4 172, 0, 8;
    %cmp/u;
    %jmp/1 T_3.172, 6;
    %dup/vec4;
    %pushi/vec4 173, 0, 8;
    %cmp/u;
    %jmp/1 T_3.173, 6;
    %dup/vec4;
    %pushi/vec4 174, 0, 8;
    %cmp/u;
    %jmp/1 T_3.174, 6;
    %dup/vec4;
    %pushi/vec4 175, 0, 8;
    %cmp/u;
    %jmp/1 T_3.175, 6;
    %dup/vec4;
    %pushi/vec4 176, 0, 8;
    %cmp/u;
    %jmp/1 T_3.176, 6;
    %dup/vec4;
    %pushi/vec4 177, 0, 8;
    %cmp/u;
    %jmp/1 T_3.177, 6;
    %dup/vec4;
    %pushi/vec4 178, 0, 8;
    %cmp/u;
    %jmp/1 T_3.178, 6;
    %dup/vec4;
    %pushi/vec4 179, 0, 8;
    %cmp/u;
    %jmp/1 T_3.179, 6;
    %dup/vec4;
    %pushi/vec4 180, 0, 8;
    %cmp/u;
    %jmp/1 T_3.180, 6;
    %dup/vec4;
    %pushi/vec4 181, 0, 8;
    %cmp/u;
    %jmp/1 T_3.181, 6;
    %dup/vec4;
    %pushi/vec4 182, 0, 8;
    %cmp/u;
    %jmp/1 T_3.182, 6;
    %dup/vec4;
    %pushi/vec4 183, 0, 8;
    %cmp/u;
    %jmp/1 T_3.183, 6;
    %dup/vec4;
    %pushi/vec4 184, 0, 8;
    %cmp/u;
    %jmp/1 T_3.184, 6;
    %dup/vec4;
    %pushi/vec4 185, 0, 8;
    %cmp/u;
    %jmp/1 T_3.185, 6;
    %dup/vec4;
    %pushi/vec4 186, 0, 8;
    %cmp/u;
    %jmp/1 T_3.186, 6;
    %dup/vec4;
    %pushi/vec4 187, 0, 8;
    %cmp/u;
    %jmp/1 T_3.187, 6;
    %dup/vec4;
    %pushi/vec4 188, 0, 8;
    %cmp/u;
    %jmp/1 T_3.188, 6;
    %dup/vec4;
    %pushi/vec4 189, 0, 8;
    %cmp/u;
    %jmp/1 T_3.189, 6;
    %dup/vec4;
    %pushi/vec4 190, 0, 8;
    %cmp/u;
    %jmp/1 T_3.190, 6;
    %dup/vec4;
    %pushi/vec4 191, 0, 8;
    %cmp/u;
    %jmp/1 T_3.191, 6;
    %dup/vec4;
    %pushi/vec4 192, 0, 8;
    %cmp/u;
    %jmp/1 T_3.192, 6;
    %dup/vec4;
    %pushi/vec4 193, 0, 8;
    %cmp/u;
    %jmp/1 T_3.193, 6;
    %dup/vec4;
    %pushi/vec4 194, 0, 8;
    %cmp/u;
    %jmp/1 T_3.194, 6;
    %dup/vec4;
    %pushi/vec4 195, 0, 8;
    %cmp/u;
    %jmp/1 T_3.195, 6;
    %dup/vec4;
    %pushi/vec4 196, 0, 8;
    %cmp/u;
    %jmp/1 T_3.196, 6;
    %dup/vec4;
    %pushi/vec4 197, 0, 8;
    %cmp/u;
    %jmp/1 T_3.197, 6;
    %dup/vec4;
    %pushi/vec4 198, 0, 8;
    %cmp/u;
    %jmp/1 T_3.198, 6;
    %dup/vec4;
    %pushi/vec4 199, 0, 8;
    %cmp/u;
    %jmp/1 T_3.199, 6;
    %dup/vec4;
    %pushi/vec4 200, 0, 8;
    %cmp/u;
    %jmp/1 T_3.200, 6;
    %dup/vec4;
    %pushi/vec4 201, 0, 8;
    %cmp/u;
    %jmp/1 T_3.201, 6;
    %dup/vec4;
    %pushi/vec4 202, 0, 8;
    %cmp/u;
    %jmp/1 T_3.202, 6;
    %dup/vec4;
    %pushi/vec4 203, 0, 8;
    %cmp/u;
    %jmp/1 T_3.203, 6;
    %dup/vec4;
    %pushi/vec4 204, 0, 8;
    %cmp/u;
    %jmp/1 T_3.204, 6;
    %dup/vec4;
    %pushi/vec4 205, 0, 8;
    %cmp/u;
    %jmp/1 T_3.205, 6;
    %dup/vec4;
    %pushi/vec4 206, 0, 8;
    %cmp/u;
    %jmp/1 T_3.206, 6;
    %dup/vec4;
    %pushi/vec4 207, 0, 8;
    %cmp/u;
    %jmp/1 T_3.207, 6;
    %dup/vec4;
    %pushi/vec4 208, 0, 8;
    %cmp/u;
    %jmp/1 T_3.208, 6;
    %dup/vec4;
    %pushi/vec4 209, 0, 8;
    %cmp/u;
    %jmp/1 T_3.209, 6;
    %dup/vec4;
    %pushi/vec4 210, 0, 8;
    %cmp/u;
    %jmp/1 T_3.210, 6;
    %dup/vec4;
    %pushi/vec4 211, 0, 8;
    %cmp/u;
    %jmp/1 T_3.211, 6;
    %dup/vec4;
    %pushi/vec4 212, 0, 8;
    %cmp/u;
    %jmp/1 T_3.212, 6;
    %dup/vec4;
    %pushi/vec4 213, 0, 8;
    %cmp/u;
    %jmp/1 T_3.213, 6;
    %dup/vec4;
    %pushi/vec4 214, 0, 8;
    %cmp/u;
    %jmp/1 T_3.214, 6;
    %dup/vec4;
    %pushi/vec4 215, 0, 8;
    %cmp/u;
    %jmp/1 T_3.215, 6;
    %dup/vec4;
    %pushi/vec4 216, 0, 8;
    %cmp/u;
    %jmp/1 T_3.216, 6;
    %dup/vec4;
    %pushi/vec4 217, 0, 8;
    %cmp/u;
    %jmp/1 T_3.217, 6;
    %dup/vec4;
    %pushi/vec4 218, 0, 8;
    %cmp/u;
    %jmp/1 T_3.218, 6;
    %dup/vec4;
    %pushi/vec4 219, 0, 8;
    %cmp/u;
    %jmp/1 T_3.219, 6;
    %dup/vec4;
    %pushi/vec4 220, 0, 8;
    %cmp/u;
    %jmp/1 T_3.220, 6;
    %dup/vec4;
    %pushi/vec4 221, 0, 8;
    %cmp/u;
    %jmp/1 T_3.221, 6;
    %dup/vec4;
    %pushi/vec4 222, 0, 8;
    %cmp/u;
    %jmp/1 T_3.222, 6;
    %dup/vec4;
    %pushi/vec4 223, 0, 8;
    %cmp/u;
    %jmp/1 T_3.223, 6;
    %dup/vec4;
    %pushi/vec4 224, 0, 8;
    %cmp/u;
    %jmp/1 T_3.224, 6;
    %dup/vec4;
    %pushi/vec4 225, 0, 8;
    %cmp/u;
    %jmp/1 T_3.225, 6;
    %dup/vec4;
    %pushi/vec4 226, 0, 8;
    %cmp/u;
    %jmp/1 T_3.226, 6;
    %dup/vec4;
    %pushi/vec4 227, 0, 8;
    %cmp/u;
    %jmp/1 T_3.227, 6;
    %dup/vec4;
    %pushi/vec4 228, 0, 8;
    %cmp/u;
    %jmp/1 T_3.228, 6;
    %dup/vec4;
    %pushi/vec4 229, 0, 8;
    %cmp/u;
    %jmp/1 T_3.229, 6;
    %dup/vec4;
    %pushi/vec4 230, 0, 8;
    %cmp/u;
    %jmp/1 T_3.230, 6;
    %dup/vec4;
    %pushi/vec4 231, 0, 8;
    %cmp/u;
    %jmp/1 T_3.231, 6;
    %dup/vec4;
    %pushi/vec4 232, 0, 8;
    %cmp/u;
    %jmp/1 T_3.232, 6;
    %dup/vec4;
    %pushi/vec4 233, 0, 8;
    %cmp/u;
    %jmp/1 T_3.233, 6;
    %dup/vec4;
    %pushi/vec4 234, 0, 8;
    %cmp/u;
    %jmp/1 T_3.234, 6;
    %dup/vec4;
    %pushi/vec4 235, 0, 8;
    %cmp/u;
    %jmp/1 T_3.235, 6;
    %dup/vec4;
    %pushi/vec4 236, 0, 8;
    %cmp/u;
    %jmp/1 T_3.236, 6;
    %dup/vec4;
    %pushi/vec4 237, 0, 8;
    %cmp/u;
    %jmp/1 T_3.237, 6;
    %dup/vec4;
    %pushi/vec4 238, 0, 8;
    %cmp/u;
    %jmp/1 T_3.238, 6;
    %dup/vec4;
    %pushi/vec4 239, 0, 8;
    %cmp/u;
    %jmp/1 T_3.239, 6;
    %dup/vec4;
    %pushi/vec4 240, 0, 8;
    %cmp/u;
    %jmp/1 T_3.240, 6;
    %dup/vec4;
    %pushi/vec4 241, 0, 8;
    %cmp/u;
    %jmp/1 T_3.241, 6;
    %dup/vec4;
    %pushi/vec4 242, 0, 8;
    %cmp/u;
    %jmp/1 T_3.242, 6;
    %dup/vec4;
    %pushi/vec4 243, 0, 8;
    %cmp/u;
    %jmp/1 T_3.243, 6;
    %dup/vec4;
    %pushi/vec4 244, 0, 8;
    %cmp/u;
    %jmp/1 T_3.244, 6;
    %dup/vec4;
    %pushi/vec4 245, 0, 8;
    %cmp/u;
    %jmp/1 T_3.245, 6;
    %dup/vec4;
    %pushi/vec4 246, 0, 8;
    %cmp/u;
    %jmp/1 T_3.246, 6;
    %dup/vec4;
    %pushi/vec4 247, 0, 8;
    %cmp/u;
    %jmp/1 T_3.247, 6;
    %dup/vec4;
    %pushi/vec4 248, 0, 8;
    %cmp/u;
    %jmp/1 T_3.248, 6;
    %dup/vec4;
    %pushi/vec4 249, 0, 8;
    %cmp/u;
    %jmp/1 T_3.249, 6;
    %dup/vec4;
    %pushi/vec4 250, 0, 8;
    %cmp/u;
    %jmp/1 T_3.250, 6;
    %dup/vec4;
    %pushi/vec4 251, 0, 8;
    %cmp/u;
    %jmp/1 T_3.251, 6;
    %dup/vec4;
    %pushi/vec4 252, 0, 8;
    %cmp/u;
    %jmp/1 T_3.252, 6;
    %dup/vec4;
    %pushi/vec4 253, 0, 8;
    %cmp/u;
    %jmp/1 T_3.253, 6;
    %dup/vec4;
    %pushi/vec4 254, 0, 8;
    %cmp/u;
    %jmp/1 T_3.254, 6;
    %dup/vec4;
    %pushi/vec4 255, 0, 8;
    %cmp/u;
    %jmp/1 T_3.255, 6;
    %pushi/vec4 0, 0, 8;
    %store/vec4 v0x8a2cf40a0_0, 0, 8;
    %jmp T_3.257;
T_3.0 ;
    %pushi/vec4 99, 0, 8;
    %store/vec4 v0x8a2cf40a0_0, 0, 8;
    %jmp T_3.257;
T_3.1 ;
    %pushi/vec4 124, 0, 8;
    %store/vec4 v0x8a2cf40a0_0, 0, 8;
    %jmp T_3.257;
T_3.2 ;
    %pushi/vec4 119, 0, 8;
    %store/vec4 v0x8a2cf40a0_0, 0, 8;
    %jmp T_3.257;
T_3.3 ;
    %pushi/vec4 123, 0, 8;
    %store/vec4 v0x8a2cf40a0_0, 0, 8;
    %jmp T_3.257;
T_3.4 ;
    %pushi/vec4 242, 0, 8;
    %store/vec4 v0x8a2cf40a0_0, 0, 8;
    %jmp T_3.257;
T_3.5 ;
    %pushi/vec4 107, 0, 8;
    %store/vec4 v0x8a2cf40a0_0, 0, 8;
    %jmp T_3.257;
T_3.6 ;
    %pushi/vec4 111, 0, 8;
    %store/vec4 v0x8a2cf40a0_0, 0, 8;
    %jmp T_3.257;
T_3.7 ;
    %pushi/vec4 197, 0, 8;
    %store/vec4 v0x8a2cf40a0_0, 0, 8;
    %jmp T_3.257;
T_3.8 ;
    %pushi/vec4 48, 0, 8;
    %store/vec4 v0x8a2cf40a0_0, 0, 8;
    %jmp T_3.257;
T_3.9 ;
    %pushi/vec4 1, 0, 8;
    %store/vec4 v0x8a2cf40a0_0, 0, 8;
    %jmp T_3.257;
T_3.10 ;
    %pushi/vec4 103, 0, 8;
    %store/vec4 v0x8a2cf40a0_0, 0, 8;
    %jmp T_3.257;
T_3.11 ;
    %pushi/vec4 43, 0, 8;
    %store/vec4 v0x8a2cf40a0_0, 0, 8;
    %jmp T_3.257;
T_3.12 ;
    %pushi/vec4 254, 0, 8;
    %store/vec4 v0x8a2cf40a0_0, 0, 8;
    %jmp T_3.257;
T_3.13 ;
    %pushi/vec4 215, 0, 8;
    %store/vec4 v0x8a2cf40a0_0, 0, 8;
    %jmp T_3.257;
T_3.14 ;
    %pushi/vec4 171, 0, 8;
    %store/vec4 v0x8a2cf40a0_0, 0, 8;
    %jmp T_3.257;
T_3.15 ;
    %pushi/vec4 118, 0, 8;
    %store/vec4 v0x8a2cf40a0_0, 0, 8;
    %jmp T_3.257;
T_3.16 ;
    %pushi/vec4 202, 0, 8;
    %store/vec4 v0x8a2cf40a0_0, 0, 8;
    %jmp T_3.257;
T_3.17 ;
    %pushi/vec4 130, 0, 8;
    %store/vec4 v0x8a2cf40a0_0, 0, 8;
    %jmp T_3.257;
T_3.18 ;
    %pushi/vec4 201, 0, 8;
    %store/vec4 v0x8a2cf40a0_0, 0, 8;
    %jmp T_3.257;
T_3.19 ;
    %pushi/vec4 125, 0, 8;
    %store/vec4 v0x8a2cf40a0_0, 0, 8;
    %jmp T_3.257;
T_3.20 ;
    %pushi/vec4 250, 0, 8;
    %store/vec4 v0x8a2cf40a0_0, 0, 8;
    %jmp T_3.257;
T_3.21 ;
    %pushi/vec4 89, 0, 8;
    %store/vec4 v0x8a2cf40a0_0, 0, 8;
    %jmp T_3.257;
T_3.22 ;
    %pushi/vec4 71, 0, 8;
    %store/vec4 v0x8a2cf40a0_0, 0, 8;
    %jmp T_3.257;
T_3.23 ;
    %pushi/vec4 240, 0, 8;
    %store/vec4 v0x8a2cf40a0_0, 0, 8;
    %jmp T_3.257;
T_3.24 ;
    %pushi/vec4 173, 0, 8;
    %store/vec4 v0x8a2cf40a0_0, 0, 8;
    %jmp T_3.257;
T_3.25 ;
    %pushi/vec4 212, 0, 8;
    %store/vec4 v0x8a2cf40a0_0, 0, 8;
    %jmp T_3.257;
T_3.26 ;
    %pushi/vec4 162, 0, 8;
    %store/vec4 v0x8a2cf40a0_0, 0, 8;
    %jmp T_3.257;
T_3.27 ;
    %pushi/vec4 175, 0, 8;
    %store/vec4 v0x8a2cf40a0_0, 0, 8;
    %jmp T_3.257;
T_3.28 ;
    %pushi/vec4 156, 0, 8;
    %store/vec4 v0x8a2cf40a0_0, 0, 8;
    %jmp T_3.257;
T_3.29 ;
    %pushi/vec4 164, 0, 8;
    %store/vec4 v0x8a2cf40a0_0, 0, 8;
    %jmp T_3.257;
T_3.30 ;
    %pushi/vec4 114, 0, 8;
    %store/vec4 v0x8a2cf40a0_0, 0, 8;
    %jmp T_3.257;
T_3.31 ;
    %pushi/vec4 192, 0, 8;
    %store/vec4 v0x8a2cf40a0_0, 0, 8;
    %jmp T_3.257;
T_3.32 ;
    %pushi/vec4 183, 0, 8;
    %store/vec4 v0x8a2cf40a0_0, 0, 8;
    %jmp T_3.257;
T_3.33 ;
    %pushi/vec4 253, 0, 8;
    %store/vec4 v0x8a2cf40a0_0, 0, 8;
    %jmp T_3.257;
T_3.34 ;
    %pushi/vec4 147, 0, 8;
    %store/vec4 v0x8a2cf40a0_0, 0, 8;
    %jmp T_3.257;
T_3.35 ;
    %pushi/vec4 38, 0, 8;
    %store/vec4 v0x8a2cf40a0_0, 0, 8;
    %jmp T_3.257;
T_3.36 ;
    %pushi/vec4 54, 0, 8;
    %store/vec4 v0x8a2cf40a0_0, 0, 8;
    %jmp T_3.257;
T_3.37 ;
    %pushi/vec4 63, 0, 8;
    %store/vec4 v0x8a2cf40a0_0, 0, 8;
    %jmp T_3.257;
T_3.38 ;
    %pushi/vec4 247, 0, 8;
    %store/vec4 v0x8a2cf40a0_0, 0, 8;
    %jmp T_3.257;
T_3.39 ;
    %pushi/vec4 204, 0, 8;
    %store/vec4 v0x8a2cf40a0_0, 0, 8;
    %jmp T_3.257;
T_3.40 ;
    %pushi/vec4 52, 0, 8;
    %store/vec4 v0x8a2cf40a0_0, 0, 8;
    %jmp T_3.257;
T_3.41 ;
    %pushi/vec4 165, 0, 8;
    %store/vec4 v0x8a2cf40a0_0, 0, 8;
    %jmp T_3.257;
T_3.42 ;
    %pushi/vec4 229, 0, 8;
    %store/vec4 v0x8a2cf40a0_0, 0, 8;
    %jmp T_3.257;
T_3.43 ;
    %pushi/vec4 241, 0, 8;
    %store/vec4 v0x8a2cf40a0_0, 0, 8;
    %jmp T_3.257;
T_3.44 ;
    %pushi/vec4 113, 0, 8;
    %store/vec4 v0x8a2cf40a0_0, 0, 8;
    %jmp T_3.257;
T_3.45 ;
    %pushi/vec4 216, 0, 8;
    %store/vec4 v0x8a2cf40a0_0, 0, 8;
    %jmp T_3.257;
T_3.46 ;
    %pushi/vec4 49, 0, 8;
    %store/vec4 v0x8a2cf40a0_0, 0, 8;
    %jmp T_3.257;
T_3.47 ;
    %pushi/vec4 21, 0, 8;
    %store/vec4 v0x8a2cf40a0_0, 0, 8;
    %jmp T_3.257;
T_3.48 ;
    %pushi/vec4 4, 0, 8;
    %store/vec4 v0x8a2cf40a0_0, 0, 8;
    %jmp T_3.257;
T_3.49 ;
    %pushi/vec4 199, 0, 8;
    %store/vec4 v0x8a2cf40a0_0, 0, 8;
    %jmp T_3.257;
T_3.50 ;
    %pushi/vec4 35, 0, 8;
    %store/vec4 v0x8a2cf40a0_0, 0, 8;
    %jmp T_3.257;
T_3.51 ;
    %pushi/vec4 195, 0, 8;
    %store/vec4 v0x8a2cf40a0_0, 0, 8;
    %jmp T_3.257;
T_3.52 ;
    %pushi/vec4 24, 0, 8;
    %store/vec4 v0x8a2cf40a0_0, 0, 8;
    %jmp T_3.257;
T_3.53 ;
    %pushi/vec4 150, 0, 8;
    %store/vec4 v0x8a2cf40a0_0, 0, 8;
    %jmp T_3.257;
T_3.54 ;
    %pushi/vec4 5, 0, 8;
    %store/vec4 v0x8a2cf40a0_0, 0, 8;
    %jmp T_3.257;
T_3.55 ;
    %pushi/vec4 154, 0, 8;
    %store/vec4 v0x8a2cf40a0_0, 0, 8;
    %jmp T_3.257;
T_3.56 ;
    %pushi/vec4 7, 0, 8;
    %store/vec4 v0x8a2cf40a0_0, 0, 8;
    %jmp T_3.257;
T_3.57 ;
    %pushi/vec4 18, 0, 8;
    %store/vec4 v0x8a2cf40a0_0, 0, 8;
    %jmp T_3.257;
T_3.58 ;
    %pushi/vec4 128, 0, 8;
    %store/vec4 v0x8a2cf40a0_0, 0, 8;
    %jmp T_3.257;
T_3.59 ;
    %pushi/vec4 226, 0, 8;
    %store/vec4 v0x8a2cf40a0_0, 0, 8;
    %jmp T_3.257;
T_3.60 ;
    %pushi/vec4 235, 0, 8;
    %store/vec4 v0x8a2cf40a0_0, 0, 8;
    %jmp T_3.257;
T_3.61 ;
    %pushi/vec4 39, 0, 8;
    %store/vec4 v0x8a2cf40a0_0, 0, 8;
    %jmp T_3.257;
T_3.62 ;
    %pushi/vec4 178, 0, 8;
    %store/vec4 v0x8a2cf40a0_0, 0, 8;
    %jmp T_3.257;
T_3.63 ;
    %pushi/vec4 117, 0, 8;
    %store/vec4 v0x8a2cf40a0_0, 0, 8;
    %jmp T_3.257;
T_3.64 ;
    %pushi/vec4 9, 0, 8;
    %store/vec4 v0x8a2cf40a0_0, 0, 8;
    %jmp T_3.257;
T_3.65 ;
    %pushi/vec4 131, 0, 8;
    %store/vec4 v0x8a2cf40a0_0, 0, 8;
    %jmp T_3.257;
T_3.66 ;
    %pushi/vec4 44, 0, 8;
    %store/vec4 v0x8a2cf40a0_0, 0, 8;
    %jmp T_3.257;
T_3.67 ;
    %pushi/vec4 26, 0, 8;
    %store/vec4 v0x8a2cf40a0_0, 0, 8;
    %jmp T_3.257;
T_3.68 ;
    %pushi/vec4 27, 0, 8;
    %store/vec4 v0x8a2cf40a0_0, 0, 8;
    %jmp T_3.257;
T_3.69 ;
    %pushi/vec4 110, 0, 8;
    %store/vec4 v0x8a2cf40a0_0, 0, 8;
    %jmp T_3.257;
T_3.70 ;
    %pushi/vec4 90, 0, 8;
    %store/vec4 v0x8a2cf40a0_0, 0, 8;
    %jmp T_3.257;
T_3.71 ;
    %pushi/vec4 160, 0, 8;
    %store/vec4 v0x8a2cf40a0_0, 0, 8;
    %jmp T_3.257;
T_3.72 ;
    %pushi/vec4 82, 0, 8;
    %store/vec4 v0x8a2cf40a0_0, 0, 8;
    %jmp T_3.257;
T_3.73 ;
    %pushi/vec4 59, 0, 8;
    %store/vec4 v0x8a2cf40a0_0, 0, 8;
    %jmp T_3.257;
T_3.74 ;
    %pushi/vec4 214, 0, 8;
    %store/vec4 v0x8a2cf40a0_0, 0, 8;
    %jmp T_3.257;
T_3.75 ;
    %pushi/vec4 179, 0, 8;
    %store/vec4 v0x8a2cf40a0_0, 0, 8;
    %jmp T_3.257;
T_3.76 ;
    %pushi/vec4 41, 0, 8;
    %store/vec4 v0x8a2cf40a0_0, 0, 8;
    %jmp T_3.257;
T_3.77 ;
    %pushi/vec4 227, 0, 8;
    %store/vec4 v0x8a2cf40a0_0, 0, 8;
    %jmp T_3.257;
T_3.78 ;
    %pushi/vec4 47, 0, 8;
    %store/vec4 v0x8a2cf40a0_0, 0, 8;
    %jmp T_3.257;
T_3.79 ;
    %pushi/vec4 132, 0, 8;
    %store/vec4 v0x8a2cf40a0_0, 0, 8;
    %jmp T_3.257;
T_3.80 ;
    %pushi/vec4 83, 0, 8;
    %store/vec4 v0x8a2cf40a0_0, 0, 8;
    %jmp T_3.257;
T_3.81 ;
    %pushi/vec4 209, 0, 8;
    %store/vec4 v0x8a2cf40a0_0, 0, 8;
    %jmp T_3.257;
T_3.82 ;
    %pushi/vec4 0, 0, 8;
    %store/vec4 v0x8a2cf40a0_0, 0, 8;
    %jmp T_3.257;
T_3.83 ;
    %pushi/vec4 237, 0, 8;
    %store/vec4 v0x8a2cf40a0_0, 0, 8;
    %jmp T_3.257;
T_3.84 ;
    %pushi/vec4 32, 0, 8;
    %store/vec4 v0x8a2cf40a0_0, 0, 8;
    %jmp T_3.257;
T_3.85 ;
    %pushi/vec4 252, 0, 8;
    %store/vec4 v0x8a2cf40a0_0, 0, 8;
    %jmp T_3.257;
T_3.86 ;
    %pushi/vec4 177, 0, 8;
    %store/vec4 v0x8a2cf40a0_0, 0, 8;
    %jmp T_3.257;
T_3.87 ;
    %pushi/vec4 91, 0, 8;
    %store/vec4 v0x8a2cf40a0_0, 0, 8;
    %jmp T_3.257;
T_3.88 ;
    %pushi/vec4 106, 0, 8;
    %store/vec4 v0x8a2cf40a0_0, 0, 8;
    %jmp T_3.257;
T_3.89 ;
    %pushi/vec4 203, 0, 8;
    %store/vec4 v0x8a2cf40a0_0, 0, 8;
    %jmp T_3.257;
T_3.90 ;
    %pushi/vec4 190, 0, 8;
    %store/vec4 v0x8a2cf40a0_0, 0, 8;
    %jmp T_3.257;
T_3.91 ;
    %pushi/vec4 57, 0, 8;
    %store/vec4 v0x8a2cf40a0_0, 0, 8;
    %jmp T_3.257;
T_3.92 ;
    %pushi/vec4 74, 0, 8;
    %store/vec4 v0x8a2cf40a0_0, 0, 8;
    %jmp T_3.257;
T_3.93 ;
    %pushi/vec4 76, 0, 8;
    %store/vec4 v0x8a2cf40a0_0, 0, 8;
    %jmp T_3.257;
T_3.94 ;
    %pushi/vec4 88, 0, 8;
    %store/vec4 v0x8a2cf40a0_0, 0, 8;
    %jmp T_3.257;
T_3.95 ;
    %pushi/vec4 207, 0, 8;
    %store/vec4 v0x8a2cf40a0_0, 0, 8;
    %jmp T_3.257;
T_3.96 ;
    %pushi/vec4 208, 0, 8;
    %store/vec4 v0x8a2cf40a0_0, 0, 8;
    %jmp T_3.257;
T_3.97 ;
    %pushi/vec4 239, 0, 8;
    %store/vec4 v0x8a2cf40a0_0, 0, 8;
    %jmp T_3.257;
T_3.98 ;
    %pushi/vec4 170, 0, 8;
    %store/vec4 v0x8a2cf40a0_0, 0, 8;
    %jmp T_3.257;
T_3.99 ;
    %pushi/vec4 251, 0, 8;
    %store/vec4 v0x8a2cf40a0_0, 0, 8;
    %jmp T_3.257;
T_3.100 ;
    %pushi/vec4 67, 0, 8;
    %store/vec4 v0x8a2cf40a0_0, 0, 8;
    %jmp T_3.257;
T_3.101 ;
    %pushi/vec4 77, 0, 8;
    %store/vec4 v0x8a2cf40a0_0, 0, 8;
    %jmp T_3.257;
T_3.102 ;
    %pushi/vec4 51, 0, 8;
    %store/vec4 v0x8a2cf40a0_0, 0, 8;
    %jmp T_3.257;
T_3.103 ;
    %pushi/vec4 133, 0, 8;
    %store/vec4 v0x8a2cf40a0_0, 0, 8;
    %jmp T_3.257;
T_3.104 ;
    %pushi/vec4 69, 0, 8;
    %store/vec4 v0x8a2cf40a0_0, 0, 8;
    %jmp T_3.257;
T_3.105 ;
    %pushi/vec4 249, 0, 8;
    %store/vec4 v0x8a2cf40a0_0, 0, 8;
    %jmp T_3.257;
T_3.106 ;
    %pushi/vec4 2, 0, 8;
    %store/vec4 v0x8a2cf40a0_0, 0, 8;
    %jmp T_3.257;
T_3.107 ;
    %pushi/vec4 127, 0, 8;
    %store/vec4 v0x8a2cf40a0_0, 0, 8;
    %jmp T_3.257;
T_3.108 ;
    %pushi/vec4 80, 0, 8;
    %store/vec4 v0x8a2cf40a0_0, 0, 8;
    %jmp T_3.257;
T_3.109 ;
    %pushi/vec4 60, 0, 8;
    %store/vec4 v0x8a2cf40a0_0, 0, 8;
    %jmp T_3.257;
T_3.110 ;
    %pushi/vec4 159, 0, 8;
    %store/vec4 v0x8a2cf40a0_0, 0, 8;
    %jmp T_3.257;
T_3.111 ;
    %pushi/vec4 168, 0, 8;
    %store/vec4 v0x8a2cf40a0_0, 0, 8;
    %jmp T_3.257;
T_3.112 ;
    %pushi/vec4 81, 0, 8;
    %store/vec4 v0x8a2cf40a0_0, 0, 8;
    %jmp T_3.257;
T_3.113 ;
    %pushi/vec4 163, 0, 8;
    %store/vec4 v0x8a2cf40a0_0, 0, 8;
    %jmp T_3.257;
T_3.114 ;
    %pushi/vec4 64, 0, 8;
    %store/vec4 v0x8a2cf40a0_0, 0, 8;
    %jmp T_3.257;
T_3.115 ;
    %pushi/vec4 143, 0, 8;
    %store/vec4 v0x8a2cf40a0_0, 0, 8;
    %jmp T_3.257;
T_3.116 ;
    %pushi/vec4 146, 0, 8;
    %store/vec4 v0x8a2cf40a0_0, 0, 8;
    %jmp T_3.257;
T_3.117 ;
    %pushi/vec4 157, 0, 8;
    %store/vec4 v0x8a2cf40a0_0, 0, 8;
    %jmp T_3.257;
T_3.118 ;
    %pushi/vec4 56, 0, 8;
    %store/vec4 v0x8a2cf40a0_0, 0, 8;
    %jmp T_3.257;
T_3.119 ;
    %pushi/vec4 245, 0, 8;
    %store/vec4 v0x8a2cf40a0_0, 0, 8;
    %jmp T_3.257;
T_3.120 ;
    %pushi/vec4 188, 0, 8;
    %store/vec4 v0x8a2cf40a0_0, 0, 8;
    %jmp T_3.257;
T_3.121 ;
    %pushi/vec4 182, 0, 8;
    %store/vec4 v0x8a2cf40a0_0, 0, 8;
    %jmp T_3.257;
T_3.122 ;
    %pushi/vec4 218, 0, 8;
    %store/vec4 v0x8a2cf40a0_0, 0, 8;
    %jmp T_3.257;
T_3.123 ;
    %pushi/vec4 33, 0, 8;
    %store/vec4 v0x8a2cf40a0_0, 0, 8;
    %jmp T_3.257;
T_3.124 ;
    %pushi/vec4 16, 0, 8;
    %store/vec4 v0x8a2cf40a0_0, 0, 8;
    %jmp T_3.257;
T_3.125 ;
    %pushi/vec4 255, 0, 8;
    %store/vec4 v0x8a2cf40a0_0, 0, 8;
    %jmp T_3.257;
T_3.126 ;
    %pushi/vec4 243, 0, 8;
    %store/vec4 v0x8a2cf40a0_0, 0, 8;
    %jmp T_3.257;
T_3.127 ;
    %pushi/vec4 210, 0, 8;
    %store/vec4 v0x8a2cf40a0_0, 0, 8;
    %jmp T_3.257;
T_3.128 ;
    %pushi/vec4 205, 0, 8;
    %store/vec4 v0x8a2cf40a0_0, 0, 8;
    %jmp T_3.257;
T_3.129 ;
    %pushi/vec4 12, 0, 8;
    %store/vec4 v0x8a2cf40a0_0, 0, 8;
    %jmp T_3.257;
T_3.130 ;
    %pushi/vec4 19, 0, 8;
    %store/vec4 v0x8a2cf40a0_0, 0, 8;
    %jmp T_3.257;
T_3.131 ;
    %pushi/vec4 236, 0, 8;
    %store/vec4 v0x8a2cf40a0_0, 0, 8;
    %jmp T_3.257;
T_3.132 ;
    %pushi/vec4 95, 0, 8;
    %store/vec4 v0x8a2cf40a0_0, 0, 8;
    %jmp T_3.257;
T_3.133 ;
    %pushi/vec4 151, 0, 8;
    %store/vec4 v0x8a2cf40a0_0, 0, 8;
    %jmp T_3.257;
T_3.134 ;
    %pushi/vec4 68, 0, 8;
    %store/vec4 v0x8a2cf40a0_0, 0, 8;
    %jmp T_3.257;
T_3.135 ;
    %pushi/vec4 23, 0, 8;
    %store/vec4 v0x8a2cf40a0_0, 0, 8;
    %jmp T_3.257;
T_3.136 ;
    %pushi/vec4 196, 0, 8;
    %store/vec4 v0x8a2cf40a0_0, 0, 8;
    %jmp T_3.257;
T_3.137 ;
    %pushi/vec4 167, 0, 8;
    %store/vec4 v0x8a2cf40a0_0, 0, 8;
    %jmp T_3.257;
T_3.138 ;
    %pushi/vec4 126, 0, 8;
    %store/vec4 v0x8a2cf40a0_0, 0, 8;
    %jmp T_3.257;
T_3.139 ;
    %pushi/vec4 61, 0, 8;
    %store/vec4 v0x8a2cf40a0_0, 0, 8;
    %jmp T_3.257;
T_3.140 ;
    %pushi/vec4 100, 0, 8;
    %store/vec4 v0x8a2cf40a0_0, 0, 8;
    %jmp T_3.257;
T_3.141 ;
    %pushi/vec4 93, 0, 8;
    %store/vec4 v0x8a2cf40a0_0, 0, 8;
    %jmp T_3.257;
T_3.142 ;
    %pushi/vec4 25, 0, 8;
    %store/vec4 v0x8a2cf40a0_0, 0, 8;
    %jmp T_3.257;
T_3.143 ;
    %pushi/vec4 115, 0, 8;
    %store/vec4 v0x8a2cf40a0_0, 0, 8;
    %jmp T_3.257;
T_3.144 ;
    %pushi/vec4 96, 0, 8;
    %store/vec4 v0x8a2cf40a0_0, 0, 8;
    %jmp T_3.257;
T_3.145 ;
    %pushi/vec4 129, 0, 8;
    %store/vec4 v0x8a2cf40a0_0, 0, 8;
    %jmp T_3.257;
T_3.146 ;
    %pushi/vec4 79, 0, 8;
    %store/vec4 v0x8a2cf40a0_0, 0, 8;
    %jmp T_3.257;
T_3.147 ;
    %pushi/vec4 220, 0, 8;
    %store/vec4 v0x8a2cf40a0_0, 0, 8;
    %jmp T_3.257;
T_3.148 ;
    %pushi/vec4 34, 0, 8;
    %store/vec4 v0x8a2cf40a0_0, 0, 8;
    %jmp T_3.257;
T_3.149 ;
    %pushi/vec4 42, 0, 8;
    %store/vec4 v0x8a2cf40a0_0, 0, 8;
    %jmp T_3.257;
T_3.150 ;
    %pushi/vec4 144, 0, 8;
    %store/vec4 v0x8a2cf40a0_0, 0, 8;
    %jmp T_3.257;
T_3.151 ;
    %pushi/vec4 136, 0, 8;
    %store/vec4 v0x8a2cf40a0_0, 0, 8;
    %jmp T_3.257;
T_3.152 ;
    %pushi/vec4 70, 0, 8;
    %store/vec4 v0x8a2cf40a0_0, 0, 8;
    %jmp T_3.257;
T_3.153 ;
    %pushi/vec4 238, 0, 8;
    %store/vec4 v0x8a2cf40a0_0, 0, 8;
    %jmp T_3.257;
T_3.154 ;
    %pushi/vec4 184, 0, 8;
    %store/vec4 v0x8a2cf40a0_0, 0, 8;
    %jmp T_3.257;
T_3.155 ;
    %pushi/vec4 20, 0, 8;
    %store/vec4 v0x8a2cf40a0_0, 0, 8;
    %jmp T_3.257;
T_3.156 ;
    %pushi/vec4 222, 0, 8;
    %store/vec4 v0x8a2cf40a0_0, 0, 8;
    %jmp T_3.257;
T_3.157 ;
    %pushi/vec4 94, 0, 8;
    %store/vec4 v0x8a2cf40a0_0, 0, 8;
    %jmp T_3.257;
T_3.158 ;
    %pushi/vec4 11, 0, 8;
    %store/vec4 v0x8a2cf40a0_0, 0, 8;
    %jmp T_3.257;
T_3.159 ;
    %pushi/vec4 219, 0, 8;
    %store/vec4 v0x8a2cf40a0_0, 0, 8;
    %jmp T_3.257;
T_3.160 ;
    %pushi/vec4 224, 0, 8;
    %store/vec4 v0x8a2cf40a0_0, 0, 8;
    %jmp T_3.257;
T_3.161 ;
    %pushi/vec4 50, 0, 8;
    %store/vec4 v0x8a2cf40a0_0, 0, 8;
    %jmp T_3.257;
T_3.162 ;
    %pushi/vec4 58, 0, 8;
    %store/vec4 v0x8a2cf40a0_0, 0, 8;
    %jmp T_3.257;
T_3.163 ;
    %pushi/vec4 10, 0, 8;
    %store/vec4 v0x8a2cf40a0_0, 0, 8;
    %jmp T_3.257;
T_3.164 ;
    %pushi/vec4 73, 0, 8;
    %store/vec4 v0x8a2cf40a0_0, 0, 8;
    %jmp T_3.257;
T_3.165 ;
    %pushi/vec4 6, 0, 8;
    %store/vec4 v0x8a2cf40a0_0, 0, 8;
    %jmp T_3.257;
T_3.166 ;
    %pushi/vec4 36, 0, 8;
    %store/vec4 v0x8a2cf40a0_0, 0, 8;
    %jmp T_3.257;
T_3.167 ;
    %pushi/vec4 92, 0, 8;
    %store/vec4 v0x8a2cf40a0_0, 0, 8;
    %jmp T_3.257;
T_3.168 ;
    %pushi/vec4 194, 0, 8;
    %store/vec4 v0x8a2cf40a0_0, 0, 8;
    %jmp T_3.257;
T_3.169 ;
    %pushi/vec4 211, 0, 8;
    %store/vec4 v0x8a2cf40a0_0, 0, 8;
    %jmp T_3.257;
T_3.170 ;
    %pushi/vec4 172, 0, 8;
    %store/vec4 v0x8a2cf40a0_0, 0, 8;
    %jmp T_3.257;
T_3.171 ;
    %pushi/vec4 98, 0, 8;
    %store/vec4 v0x8a2cf40a0_0, 0, 8;
    %jmp T_3.257;
T_3.172 ;
    %pushi/vec4 145, 0, 8;
    %store/vec4 v0x8a2cf40a0_0, 0, 8;
    %jmp T_3.257;
T_3.173 ;
    %pushi/vec4 149, 0, 8;
    %store/vec4 v0x8a2cf40a0_0, 0, 8;
    %jmp T_3.257;
T_3.174 ;
    %pushi/vec4 228, 0, 8;
    %store/vec4 v0x8a2cf40a0_0, 0, 8;
    %jmp T_3.257;
T_3.175 ;
    %pushi/vec4 121, 0, 8;
    %store/vec4 v0x8a2cf40a0_0, 0, 8;
    %jmp T_3.257;
T_3.176 ;
    %pushi/vec4 231, 0, 8;
    %store/vec4 v0x8a2cf40a0_0, 0, 8;
    %jmp T_3.257;
T_3.177 ;
    %pushi/vec4 200, 0, 8;
    %store/vec4 v0x8a2cf40a0_0, 0, 8;
    %jmp T_3.257;
T_3.178 ;
    %pushi/vec4 55, 0, 8;
    %store/vec4 v0x8a2cf40a0_0, 0, 8;
    %jmp T_3.257;
T_3.179 ;
    %pushi/vec4 109, 0, 8;
    %store/vec4 v0x8a2cf40a0_0, 0, 8;
    %jmp T_3.257;
T_3.180 ;
    %pushi/vec4 141, 0, 8;
    %store/vec4 v0x8a2cf40a0_0, 0, 8;
    %jmp T_3.257;
T_3.181 ;
    %pushi/vec4 213, 0, 8;
    %store/vec4 v0x8a2cf40a0_0, 0, 8;
    %jmp T_3.257;
T_3.182 ;
    %pushi/vec4 78, 0, 8;
    %store/vec4 v0x8a2cf40a0_0, 0, 8;
    %jmp T_3.257;
T_3.183 ;
    %pushi/vec4 169, 0, 8;
    %store/vec4 v0x8a2cf40a0_0, 0, 8;
    %jmp T_3.257;
T_3.184 ;
    %pushi/vec4 108, 0, 8;
    %store/vec4 v0x8a2cf40a0_0, 0, 8;
    %jmp T_3.257;
T_3.185 ;
    %pushi/vec4 86, 0, 8;
    %store/vec4 v0x8a2cf40a0_0, 0, 8;
    %jmp T_3.257;
T_3.186 ;
    %pushi/vec4 244, 0, 8;
    %store/vec4 v0x8a2cf40a0_0, 0, 8;
    %jmp T_3.257;
T_3.187 ;
    %pushi/vec4 234, 0, 8;
    %store/vec4 v0x8a2cf40a0_0, 0, 8;
    %jmp T_3.257;
T_3.188 ;
    %pushi/vec4 101, 0, 8;
    %store/vec4 v0x8a2cf40a0_0, 0, 8;
    %jmp T_3.257;
T_3.189 ;
    %pushi/vec4 122, 0, 8;
    %store/vec4 v0x8a2cf40a0_0, 0, 8;
    %jmp T_3.257;
T_3.190 ;
    %pushi/vec4 174, 0, 8;
    %store/vec4 v0x8a2cf40a0_0, 0, 8;
    %jmp T_3.257;
T_3.191 ;
    %pushi/vec4 8, 0, 8;
    %store/vec4 v0x8a2cf40a0_0, 0, 8;
    %jmp T_3.257;
T_3.192 ;
    %pushi/vec4 186, 0, 8;
    %store/vec4 v0x8a2cf40a0_0, 0, 8;
    %jmp T_3.257;
T_3.193 ;
    %pushi/vec4 120, 0, 8;
    %store/vec4 v0x8a2cf40a0_0, 0, 8;
    %jmp T_3.257;
T_3.194 ;
    %pushi/vec4 37, 0, 8;
    %store/vec4 v0x8a2cf40a0_0, 0, 8;
    %jmp T_3.257;
T_3.195 ;
    %pushi/vec4 46, 0, 8;
    %store/vec4 v0x8a2cf40a0_0, 0, 8;
    %jmp T_3.257;
T_3.196 ;
    %pushi/vec4 28, 0, 8;
    %store/vec4 v0x8a2cf40a0_0, 0, 8;
    %jmp T_3.257;
T_3.197 ;
    %pushi/vec4 166, 0, 8;
    %store/vec4 v0x8a2cf40a0_0, 0, 8;
    %jmp T_3.257;
T_3.198 ;
    %pushi/vec4 180, 0, 8;
    %store/vec4 v0x8a2cf40a0_0, 0, 8;
    %jmp T_3.257;
T_3.199 ;
    %pushi/vec4 198, 0, 8;
    %store/vec4 v0x8a2cf40a0_0, 0, 8;
    %jmp T_3.257;
T_3.200 ;
    %pushi/vec4 232, 0, 8;
    %store/vec4 v0x8a2cf40a0_0, 0, 8;
    %jmp T_3.257;
T_3.201 ;
    %pushi/vec4 221, 0, 8;
    %store/vec4 v0x8a2cf40a0_0, 0, 8;
    %jmp T_3.257;
T_3.202 ;
    %pushi/vec4 116, 0, 8;
    %store/vec4 v0x8a2cf40a0_0, 0, 8;
    %jmp T_3.257;
T_3.203 ;
    %pushi/vec4 31, 0, 8;
    %store/vec4 v0x8a2cf40a0_0, 0, 8;
    %jmp T_3.257;
T_3.204 ;
    %pushi/vec4 75, 0, 8;
    %store/vec4 v0x8a2cf40a0_0, 0, 8;
    %jmp T_3.257;
T_3.205 ;
    %pushi/vec4 189, 0, 8;
    %store/vec4 v0x8a2cf40a0_0, 0, 8;
    %jmp T_3.257;
T_3.206 ;
    %pushi/vec4 139, 0, 8;
    %store/vec4 v0x8a2cf40a0_0, 0, 8;
    %jmp T_3.257;
T_3.207 ;
    %pushi/vec4 138, 0, 8;
    %store/vec4 v0x8a2cf40a0_0, 0, 8;
    %jmp T_3.257;
T_3.208 ;
    %pushi/vec4 112, 0, 8;
    %store/vec4 v0x8a2cf40a0_0, 0, 8;
    %jmp T_3.257;
T_3.209 ;
    %pushi/vec4 62, 0, 8;
    %store/vec4 v0x8a2cf40a0_0, 0, 8;
    %jmp T_3.257;
T_3.210 ;
    %pushi/vec4 181, 0, 8;
    %store/vec4 v0x8a2cf40a0_0, 0, 8;
    %jmp T_3.257;
T_3.211 ;
    %pushi/vec4 102, 0, 8;
    %store/vec4 v0x8a2cf40a0_0, 0, 8;
    %jmp T_3.257;
T_3.212 ;
    %pushi/vec4 72, 0, 8;
    %store/vec4 v0x8a2cf40a0_0, 0, 8;
    %jmp T_3.257;
T_3.213 ;
    %pushi/vec4 3, 0, 8;
    %store/vec4 v0x8a2cf40a0_0, 0, 8;
    %jmp T_3.257;
T_3.214 ;
    %pushi/vec4 246, 0, 8;
    %store/vec4 v0x8a2cf40a0_0, 0, 8;
    %jmp T_3.257;
T_3.215 ;
    %pushi/vec4 14, 0, 8;
    %store/vec4 v0x8a2cf40a0_0, 0, 8;
    %jmp T_3.257;
T_3.216 ;
    %pushi/vec4 97, 0, 8;
    %store/vec4 v0x8a2cf40a0_0, 0, 8;
    %jmp T_3.257;
T_3.217 ;
    %pushi/vec4 53, 0, 8;
    %store/vec4 v0x8a2cf40a0_0, 0, 8;
    %jmp T_3.257;
T_3.218 ;
    %pushi/vec4 87, 0, 8;
    %store/vec4 v0x8a2cf40a0_0, 0, 8;
    %jmp T_3.257;
T_3.219 ;
    %pushi/vec4 185, 0, 8;
    %store/vec4 v0x8a2cf40a0_0, 0, 8;
    %jmp T_3.257;
T_3.220 ;
    %pushi/vec4 134, 0, 8;
    %store/vec4 v0x8a2cf40a0_0, 0, 8;
    %jmp T_3.257;
T_3.221 ;
    %pushi/vec4 193, 0, 8;
    %store/vec4 v0x8a2cf40a0_0, 0, 8;
    %jmp T_3.257;
T_3.222 ;
    %pushi/vec4 29, 0, 8;
    %store/vec4 v0x8a2cf40a0_0, 0, 8;
    %jmp T_3.257;
T_3.223 ;
    %pushi/vec4 158, 0, 8;
    %store/vec4 v0x8a2cf40a0_0, 0, 8;
    %jmp T_3.257;
T_3.224 ;
    %pushi/vec4 225, 0, 8;
    %store/vec4 v0x8a2cf40a0_0, 0, 8;
    %jmp T_3.257;
T_3.225 ;
    %pushi/vec4 248, 0, 8;
    %store/vec4 v0x8a2cf40a0_0, 0, 8;
    %jmp T_3.257;
T_3.226 ;
    %pushi/vec4 152, 0, 8;
    %store/vec4 v0x8a2cf40a0_0, 0, 8;
    %jmp T_3.257;
T_3.227 ;
    %pushi/vec4 17, 0, 8;
    %store/vec4 v0x8a2cf40a0_0, 0, 8;
    %jmp T_3.257;
T_3.228 ;
    %pushi/vec4 105, 0, 8;
    %store/vec4 v0x8a2cf40a0_0, 0, 8;
    %jmp T_3.257;
T_3.229 ;
    %pushi/vec4 217, 0, 8;
    %store/vec4 v0x8a2cf40a0_0, 0, 8;
    %jmp T_3.257;
T_3.230 ;
    %pushi/vec4 142, 0, 8;
    %store/vec4 v0x8a2cf40a0_0, 0, 8;
    %jmp T_3.257;
T_3.231 ;
    %pushi/vec4 148, 0, 8;
    %store/vec4 v0x8a2cf40a0_0, 0, 8;
    %jmp T_3.257;
T_3.232 ;
    %pushi/vec4 155, 0, 8;
    %store/vec4 v0x8a2cf40a0_0, 0, 8;
    %jmp T_3.257;
T_3.233 ;
    %pushi/vec4 30, 0, 8;
    %store/vec4 v0x8a2cf40a0_0, 0, 8;
    %jmp T_3.257;
T_3.234 ;
    %pushi/vec4 135, 0, 8;
    %store/vec4 v0x8a2cf40a0_0, 0, 8;
    %jmp T_3.257;
T_3.235 ;
    %pushi/vec4 233, 0, 8;
    %store/vec4 v0x8a2cf40a0_0, 0, 8;
    %jmp T_3.257;
T_3.236 ;
    %pushi/vec4 206, 0, 8;
    %store/vec4 v0x8a2cf40a0_0, 0, 8;
    %jmp T_3.257;
T_3.237 ;
    %pushi/vec4 85, 0, 8;
    %store/vec4 v0x8a2cf40a0_0, 0, 8;
    %jmp T_3.257;
T_3.238 ;
    %pushi/vec4 40, 0, 8;
    %store/vec4 v0x8a2cf40a0_0, 0, 8;
    %jmp T_3.257;
T_3.239 ;
    %pushi/vec4 223, 0, 8;
    %store/vec4 v0x8a2cf40a0_0, 0, 8;
    %jmp T_3.257;
T_3.240 ;
    %pushi/vec4 140, 0, 8;
    %store/vec4 v0x8a2cf40a0_0, 0, 8;
    %jmp T_3.257;
T_3.241 ;
    %pushi/vec4 161, 0, 8;
    %store/vec4 v0x8a2cf40a0_0, 0, 8;
    %jmp T_3.257;
T_3.242 ;
    %pushi/vec4 137, 0, 8;
    %store/vec4 v0x8a2cf40a0_0, 0, 8;
    %jmp T_3.257;
T_3.243 ;
    %pushi/vec4 13, 0, 8;
    %store/vec4 v0x8a2cf40a0_0, 0, 8;
    %jmp T_3.257;
T_3.244 ;
    %pushi/vec4 191, 0, 8;
    %store/vec4 v0x8a2cf40a0_0, 0, 8;
    %jmp T_3.257;
T_3.245 ;
    %pushi/vec4 230, 0, 8;
    %store/vec4 v0x8a2cf40a0_0, 0, 8;
    %jmp T_3.257;
T_3.246 ;
    %pushi/vec4 66, 0, 8;
    %store/vec4 v0x8a2cf40a0_0, 0, 8;
    %jmp T_3.257;
T_3.247 ;
    %pushi/vec4 104, 0, 8;
    %store/vec4 v0x8a2cf40a0_0, 0, 8;
    %jmp T_3.257;
T_3.248 ;
    %pushi/vec4 65, 0, 8;
    %store/vec4 v0x8a2cf40a0_0, 0, 8;
    %jmp T_3.257;
T_3.249 ;
    %pushi/vec4 153, 0, 8;
    %store/vec4 v0x8a2cf40a0_0, 0, 8;
    %jmp T_3.257;
T_3.250 ;
    %pushi/vec4 45, 0, 8;
    %store/vec4 v0x8a2cf40a0_0, 0, 8;
    %jmp T_3.257;
T_3.251 ;
    %pushi/vec4 15, 0, 8;
    %store/vec4 v0x8a2cf40a0_0, 0, 8;
    %jmp T_3.257;
T_3.252 ;
    %pushi/vec4 176, 0, 8;
    %store/vec4 v0x8a2cf40a0_0, 0, 8;
    %jmp T_3.257;
T_3.253 ;
    %pushi/vec4 84, 0, 8;
    %store/vec4 v0x8a2cf40a0_0, 0, 8;
    %jmp T_3.257;
T_3.254 ;
    %pushi/vec4 187, 0, 8;
    %store/vec4 v0x8a2cf40a0_0, 0, 8;
    %jmp T_3.257;
T_3.255 ;
    %pushi/vec4 22, 0, 8;
    %store/vec4 v0x8a2cf40a0_0, 0, 8;
    %jmp T_3.257;
T_3.257 ;
    %pop/vec4 1;
    %jmp T_3;
    .thread T_3, $push;
    .scope S_0x102c173b0;
T_4 ;
Ewait_3 .event/or E_0x8a2cd1780, E_0x0;
    %wait Ewait_3;
    %load/vec4 v0x8a2cf4140_0;
    %dup/vec4;
    %pushi/vec4 0, 0, 8;
    %cmp/u;
    %jmp/1 T_4.0, 6;
    %dup/vec4;
    %pushi/vec4 1, 0, 8;
    %cmp/u;
    %jmp/1 T_4.1, 6;
    %dup/vec4;
    %pushi/vec4 2, 0, 8;
    %cmp/u;
    %jmp/1 T_4.2, 6;
    %dup/vec4;
    %pushi/vec4 3, 0, 8;
    %cmp/u;
    %jmp/1 T_4.3, 6;
    %dup/vec4;
    %pushi/vec4 4, 0, 8;
    %cmp/u;
    %jmp/1 T_4.4, 6;
    %dup/vec4;
    %pushi/vec4 5, 0, 8;
    %cmp/u;
    %jmp/1 T_4.5, 6;
    %dup/vec4;
    %pushi/vec4 6, 0, 8;
    %cmp/u;
    %jmp/1 T_4.6, 6;
    %dup/vec4;
    %pushi/vec4 7, 0, 8;
    %cmp/u;
    %jmp/1 T_4.7, 6;
    %dup/vec4;
    %pushi/vec4 8, 0, 8;
    %cmp/u;
    %jmp/1 T_4.8, 6;
    %dup/vec4;
    %pushi/vec4 9, 0, 8;
    %cmp/u;
    %jmp/1 T_4.9, 6;
    %dup/vec4;
    %pushi/vec4 10, 0, 8;
    %cmp/u;
    %jmp/1 T_4.10, 6;
    %dup/vec4;
    %pushi/vec4 11, 0, 8;
    %cmp/u;
    %jmp/1 T_4.11, 6;
    %dup/vec4;
    %pushi/vec4 12, 0, 8;
    %cmp/u;
    %jmp/1 T_4.12, 6;
    %dup/vec4;
    %pushi/vec4 13, 0, 8;
    %cmp/u;
    %jmp/1 T_4.13, 6;
    %dup/vec4;
    %pushi/vec4 14, 0, 8;
    %cmp/u;
    %jmp/1 T_4.14, 6;
    %dup/vec4;
    %pushi/vec4 15, 0, 8;
    %cmp/u;
    %jmp/1 T_4.15, 6;
    %dup/vec4;
    %pushi/vec4 16, 0, 8;
    %cmp/u;
    %jmp/1 T_4.16, 6;
    %dup/vec4;
    %pushi/vec4 17, 0, 8;
    %cmp/u;
    %jmp/1 T_4.17, 6;
    %dup/vec4;
    %pushi/vec4 18, 0, 8;
    %cmp/u;
    %jmp/1 T_4.18, 6;
    %dup/vec4;
    %pushi/vec4 19, 0, 8;
    %cmp/u;
    %jmp/1 T_4.19, 6;
    %dup/vec4;
    %pushi/vec4 20, 0, 8;
    %cmp/u;
    %jmp/1 T_4.20, 6;
    %dup/vec4;
    %pushi/vec4 21, 0, 8;
    %cmp/u;
    %jmp/1 T_4.21, 6;
    %dup/vec4;
    %pushi/vec4 22, 0, 8;
    %cmp/u;
    %jmp/1 T_4.22, 6;
    %dup/vec4;
    %pushi/vec4 23, 0, 8;
    %cmp/u;
    %jmp/1 T_4.23, 6;
    %dup/vec4;
    %pushi/vec4 24, 0, 8;
    %cmp/u;
    %jmp/1 T_4.24, 6;
    %dup/vec4;
    %pushi/vec4 25, 0, 8;
    %cmp/u;
    %jmp/1 T_4.25, 6;
    %dup/vec4;
    %pushi/vec4 26, 0, 8;
    %cmp/u;
    %jmp/1 T_4.26, 6;
    %dup/vec4;
    %pushi/vec4 27, 0, 8;
    %cmp/u;
    %jmp/1 T_4.27, 6;
    %dup/vec4;
    %pushi/vec4 28, 0, 8;
    %cmp/u;
    %jmp/1 T_4.28, 6;
    %dup/vec4;
    %pushi/vec4 29, 0, 8;
    %cmp/u;
    %jmp/1 T_4.29, 6;
    %dup/vec4;
    %pushi/vec4 30, 0, 8;
    %cmp/u;
    %jmp/1 T_4.30, 6;
    %dup/vec4;
    %pushi/vec4 31, 0, 8;
    %cmp/u;
    %jmp/1 T_4.31, 6;
    %dup/vec4;
    %pushi/vec4 32, 0, 8;
    %cmp/u;
    %jmp/1 T_4.32, 6;
    %dup/vec4;
    %pushi/vec4 33, 0, 8;
    %cmp/u;
    %jmp/1 T_4.33, 6;
    %dup/vec4;
    %pushi/vec4 34, 0, 8;
    %cmp/u;
    %jmp/1 T_4.34, 6;
    %dup/vec4;
    %pushi/vec4 35, 0, 8;
    %cmp/u;
    %jmp/1 T_4.35, 6;
    %dup/vec4;
    %pushi/vec4 36, 0, 8;
    %cmp/u;
    %jmp/1 T_4.36, 6;
    %dup/vec4;
    %pushi/vec4 37, 0, 8;
    %cmp/u;
    %jmp/1 T_4.37, 6;
    %dup/vec4;
    %pushi/vec4 38, 0, 8;
    %cmp/u;
    %jmp/1 T_4.38, 6;
    %dup/vec4;
    %pushi/vec4 39, 0, 8;
    %cmp/u;
    %jmp/1 T_4.39, 6;
    %dup/vec4;
    %pushi/vec4 40, 0, 8;
    %cmp/u;
    %jmp/1 T_4.40, 6;
    %dup/vec4;
    %pushi/vec4 41, 0, 8;
    %cmp/u;
    %jmp/1 T_4.41, 6;
    %dup/vec4;
    %pushi/vec4 42, 0, 8;
    %cmp/u;
    %jmp/1 T_4.42, 6;
    %dup/vec4;
    %pushi/vec4 43, 0, 8;
    %cmp/u;
    %jmp/1 T_4.43, 6;
    %dup/vec4;
    %pushi/vec4 44, 0, 8;
    %cmp/u;
    %jmp/1 T_4.44, 6;
    %dup/vec4;
    %pushi/vec4 45, 0, 8;
    %cmp/u;
    %jmp/1 T_4.45, 6;
    %dup/vec4;
    %pushi/vec4 46, 0, 8;
    %cmp/u;
    %jmp/1 T_4.46, 6;
    %dup/vec4;
    %pushi/vec4 47, 0, 8;
    %cmp/u;
    %jmp/1 T_4.47, 6;
    %dup/vec4;
    %pushi/vec4 48, 0, 8;
    %cmp/u;
    %jmp/1 T_4.48, 6;
    %dup/vec4;
    %pushi/vec4 49, 0, 8;
    %cmp/u;
    %jmp/1 T_4.49, 6;
    %dup/vec4;
    %pushi/vec4 50, 0, 8;
    %cmp/u;
    %jmp/1 T_4.50, 6;
    %dup/vec4;
    %pushi/vec4 51, 0, 8;
    %cmp/u;
    %jmp/1 T_4.51, 6;
    %dup/vec4;
    %pushi/vec4 52, 0, 8;
    %cmp/u;
    %jmp/1 T_4.52, 6;
    %dup/vec4;
    %pushi/vec4 53, 0, 8;
    %cmp/u;
    %jmp/1 T_4.53, 6;
    %dup/vec4;
    %pushi/vec4 54, 0, 8;
    %cmp/u;
    %jmp/1 T_4.54, 6;
    %dup/vec4;
    %pushi/vec4 55, 0, 8;
    %cmp/u;
    %jmp/1 T_4.55, 6;
    %dup/vec4;
    %pushi/vec4 56, 0, 8;
    %cmp/u;
    %jmp/1 T_4.56, 6;
    %dup/vec4;
    %pushi/vec4 57, 0, 8;
    %cmp/u;
    %jmp/1 T_4.57, 6;
    %dup/vec4;
    %pushi/vec4 58, 0, 8;
    %cmp/u;
    %jmp/1 T_4.58, 6;
    %dup/vec4;
    %pushi/vec4 59, 0, 8;
    %cmp/u;
    %jmp/1 T_4.59, 6;
    %dup/vec4;
    %pushi/vec4 60, 0, 8;
    %cmp/u;
    %jmp/1 T_4.60, 6;
    %dup/vec4;
    %pushi/vec4 61, 0, 8;
    %cmp/u;
    %jmp/1 T_4.61, 6;
    %dup/vec4;
    %pushi/vec4 62, 0, 8;
    %cmp/u;
    %jmp/1 T_4.62, 6;
    %dup/vec4;
    %pushi/vec4 63, 0, 8;
    %cmp/u;
    %jmp/1 T_4.63, 6;
    %dup/vec4;
    %pushi/vec4 64, 0, 8;
    %cmp/u;
    %jmp/1 T_4.64, 6;
    %dup/vec4;
    %pushi/vec4 65, 0, 8;
    %cmp/u;
    %jmp/1 T_4.65, 6;
    %dup/vec4;
    %pushi/vec4 66, 0, 8;
    %cmp/u;
    %jmp/1 T_4.66, 6;
    %dup/vec4;
    %pushi/vec4 67, 0, 8;
    %cmp/u;
    %jmp/1 T_4.67, 6;
    %dup/vec4;
    %pushi/vec4 68, 0, 8;
    %cmp/u;
    %jmp/1 T_4.68, 6;
    %dup/vec4;
    %pushi/vec4 69, 0, 8;
    %cmp/u;
    %jmp/1 T_4.69, 6;
    %dup/vec4;
    %pushi/vec4 70, 0, 8;
    %cmp/u;
    %jmp/1 T_4.70, 6;
    %dup/vec4;
    %pushi/vec4 71, 0, 8;
    %cmp/u;
    %jmp/1 T_4.71, 6;
    %dup/vec4;
    %pushi/vec4 72, 0, 8;
    %cmp/u;
    %jmp/1 T_4.72, 6;
    %dup/vec4;
    %pushi/vec4 73, 0, 8;
    %cmp/u;
    %jmp/1 T_4.73, 6;
    %dup/vec4;
    %pushi/vec4 74, 0, 8;
    %cmp/u;
    %jmp/1 T_4.74, 6;
    %dup/vec4;
    %pushi/vec4 75, 0, 8;
    %cmp/u;
    %jmp/1 T_4.75, 6;
    %dup/vec4;
    %pushi/vec4 76, 0, 8;
    %cmp/u;
    %jmp/1 T_4.76, 6;
    %dup/vec4;
    %pushi/vec4 77, 0, 8;
    %cmp/u;
    %jmp/1 T_4.77, 6;
    %dup/vec4;
    %pushi/vec4 78, 0, 8;
    %cmp/u;
    %jmp/1 T_4.78, 6;
    %dup/vec4;
    %pushi/vec4 79, 0, 8;
    %cmp/u;
    %jmp/1 T_4.79, 6;
    %dup/vec4;
    %pushi/vec4 80, 0, 8;
    %cmp/u;
    %jmp/1 T_4.80, 6;
    %dup/vec4;
    %pushi/vec4 81, 0, 8;
    %cmp/u;
    %jmp/1 T_4.81, 6;
    %dup/vec4;
    %pushi/vec4 82, 0, 8;
    %cmp/u;
    %jmp/1 T_4.82, 6;
    %dup/vec4;
    %pushi/vec4 83, 0, 8;
    %cmp/u;
    %jmp/1 T_4.83, 6;
    %dup/vec4;
    %pushi/vec4 84, 0, 8;
    %cmp/u;
    %jmp/1 T_4.84, 6;
    %dup/vec4;
    %pushi/vec4 85, 0, 8;
    %cmp/u;
    %jmp/1 T_4.85, 6;
    %dup/vec4;
    %pushi/vec4 86, 0, 8;
    %cmp/u;
    %jmp/1 T_4.86, 6;
    %dup/vec4;
    %pushi/vec4 87, 0, 8;
    %cmp/u;
    %jmp/1 T_4.87, 6;
    %dup/vec4;
    %pushi/vec4 88, 0, 8;
    %cmp/u;
    %jmp/1 T_4.88, 6;
    %dup/vec4;
    %pushi/vec4 89, 0, 8;
    %cmp/u;
    %jmp/1 T_4.89, 6;
    %dup/vec4;
    %pushi/vec4 90, 0, 8;
    %cmp/u;
    %jmp/1 T_4.90, 6;
    %dup/vec4;
    %pushi/vec4 91, 0, 8;
    %cmp/u;
    %jmp/1 T_4.91, 6;
    %dup/vec4;
    %pushi/vec4 92, 0, 8;
    %cmp/u;
    %jmp/1 T_4.92, 6;
    %dup/vec4;
    %pushi/vec4 93, 0, 8;
    %cmp/u;
    %jmp/1 T_4.93, 6;
    %dup/vec4;
    %pushi/vec4 94, 0, 8;
    %cmp/u;
    %jmp/1 T_4.94, 6;
    %dup/vec4;
    %pushi/vec4 95, 0, 8;
    %cmp/u;
    %jmp/1 T_4.95, 6;
    %dup/vec4;
    %pushi/vec4 96, 0, 8;
    %cmp/u;
    %jmp/1 T_4.96, 6;
    %dup/vec4;
    %pushi/vec4 97, 0, 8;
    %cmp/u;
    %jmp/1 T_4.97, 6;
    %dup/vec4;
    %pushi/vec4 98, 0, 8;
    %cmp/u;
    %jmp/1 T_4.98, 6;
    %dup/vec4;
    %pushi/vec4 99, 0, 8;
    %cmp/u;
    %jmp/1 T_4.99, 6;
    %dup/vec4;
    %pushi/vec4 100, 0, 8;
    %cmp/u;
    %jmp/1 T_4.100, 6;
    %dup/vec4;
    %pushi/vec4 101, 0, 8;
    %cmp/u;
    %jmp/1 T_4.101, 6;
    %dup/vec4;
    %pushi/vec4 102, 0, 8;
    %cmp/u;
    %jmp/1 T_4.102, 6;
    %dup/vec4;
    %pushi/vec4 103, 0, 8;
    %cmp/u;
    %jmp/1 T_4.103, 6;
    %dup/vec4;
    %pushi/vec4 104, 0, 8;
    %cmp/u;
    %jmp/1 T_4.104, 6;
    %dup/vec4;
    %pushi/vec4 105, 0, 8;
    %cmp/u;
    %jmp/1 T_4.105, 6;
    %dup/vec4;
    %pushi/vec4 106, 0, 8;
    %cmp/u;
    %jmp/1 T_4.106, 6;
    %dup/vec4;
    %pushi/vec4 107, 0, 8;
    %cmp/u;
    %jmp/1 T_4.107, 6;
    %dup/vec4;
    %pushi/vec4 108, 0, 8;
    %cmp/u;
    %jmp/1 T_4.108, 6;
    %dup/vec4;
    %pushi/vec4 109, 0, 8;
    %cmp/u;
    %jmp/1 T_4.109, 6;
    %dup/vec4;
    %pushi/vec4 110, 0, 8;
    %cmp/u;
    %jmp/1 T_4.110, 6;
    %dup/vec4;
    %pushi/vec4 111, 0, 8;
    %cmp/u;
    %jmp/1 T_4.111, 6;
    %dup/vec4;
    %pushi/vec4 112, 0, 8;
    %cmp/u;
    %jmp/1 T_4.112, 6;
    %dup/vec4;
    %pushi/vec4 113, 0, 8;
    %cmp/u;
    %jmp/1 T_4.113, 6;
    %dup/vec4;
    %pushi/vec4 114, 0, 8;
    %cmp/u;
    %jmp/1 T_4.114, 6;
    %dup/vec4;
    %pushi/vec4 115, 0, 8;
    %cmp/u;
    %jmp/1 T_4.115, 6;
    %dup/vec4;
    %pushi/vec4 116, 0, 8;
    %cmp/u;
    %jmp/1 T_4.116, 6;
    %dup/vec4;
    %pushi/vec4 117, 0, 8;
    %cmp/u;
    %jmp/1 T_4.117, 6;
    %dup/vec4;
    %pushi/vec4 118, 0, 8;
    %cmp/u;
    %jmp/1 T_4.118, 6;
    %dup/vec4;
    %pushi/vec4 119, 0, 8;
    %cmp/u;
    %jmp/1 T_4.119, 6;
    %dup/vec4;
    %pushi/vec4 120, 0, 8;
    %cmp/u;
    %jmp/1 T_4.120, 6;
    %dup/vec4;
    %pushi/vec4 121, 0, 8;
    %cmp/u;
    %jmp/1 T_4.121, 6;
    %dup/vec4;
    %pushi/vec4 122, 0, 8;
    %cmp/u;
    %jmp/1 T_4.122, 6;
    %dup/vec4;
    %pushi/vec4 123, 0, 8;
    %cmp/u;
    %jmp/1 T_4.123, 6;
    %dup/vec4;
    %pushi/vec4 124, 0, 8;
    %cmp/u;
    %jmp/1 T_4.124, 6;
    %dup/vec4;
    %pushi/vec4 125, 0, 8;
    %cmp/u;
    %jmp/1 T_4.125, 6;
    %dup/vec4;
    %pushi/vec4 126, 0, 8;
    %cmp/u;
    %jmp/1 T_4.126, 6;
    %dup/vec4;
    %pushi/vec4 127, 0, 8;
    %cmp/u;
    %jmp/1 T_4.127, 6;
    %dup/vec4;
    %pushi/vec4 128, 0, 8;
    %cmp/u;
    %jmp/1 T_4.128, 6;
    %dup/vec4;
    %pushi/vec4 129, 0, 8;
    %cmp/u;
    %jmp/1 T_4.129, 6;
    %dup/vec4;
    %pushi/vec4 130, 0, 8;
    %cmp/u;
    %jmp/1 T_4.130, 6;
    %dup/vec4;
    %pushi/vec4 131, 0, 8;
    %cmp/u;
    %jmp/1 T_4.131, 6;
    %dup/vec4;
    %pushi/vec4 132, 0, 8;
    %cmp/u;
    %jmp/1 T_4.132, 6;
    %dup/vec4;
    %pushi/vec4 133, 0, 8;
    %cmp/u;
    %jmp/1 T_4.133, 6;
    %dup/vec4;
    %pushi/vec4 134, 0, 8;
    %cmp/u;
    %jmp/1 T_4.134, 6;
    %dup/vec4;
    %pushi/vec4 135, 0, 8;
    %cmp/u;
    %jmp/1 T_4.135, 6;
    %dup/vec4;
    %pushi/vec4 136, 0, 8;
    %cmp/u;
    %jmp/1 T_4.136, 6;
    %dup/vec4;
    %pushi/vec4 137, 0, 8;
    %cmp/u;
    %jmp/1 T_4.137, 6;
    %dup/vec4;
    %pushi/vec4 138, 0, 8;
    %cmp/u;
    %jmp/1 T_4.138, 6;
    %dup/vec4;
    %pushi/vec4 139, 0, 8;
    %cmp/u;
    %jmp/1 T_4.139, 6;
    %dup/vec4;
    %pushi/vec4 140, 0, 8;
    %cmp/u;
    %jmp/1 T_4.140, 6;
    %dup/vec4;
    %pushi/vec4 141, 0, 8;
    %cmp/u;
    %jmp/1 T_4.141, 6;
    %dup/vec4;
    %pushi/vec4 142, 0, 8;
    %cmp/u;
    %jmp/1 T_4.142, 6;
    %dup/vec4;
    %pushi/vec4 143, 0, 8;
    %cmp/u;
    %jmp/1 T_4.143, 6;
    %dup/vec4;
    %pushi/vec4 144, 0, 8;
    %cmp/u;
    %jmp/1 T_4.144, 6;
    %dup/vec4;
    %pushi/vec4 145, 0, 8;
    %cmp/u;
    %jmp/1 T_4.145, 6;
    %dup/vec4;
    %pushi/vec4 146, 0, 8;
    %cmp/u;
    %jmp/1 T_4.146, 6;
    %dup/vec4;
    %pushi/vec4 147, 0, 8;
    %cmp/u;
    %jmp/1 T_4.147, 6;
    %dup/vec4;
    %pushi/vec4 148, 0, 8;
    %cmp/u;
    %jmp/1 T_4.148, 6;
    %dup/vec4;
    %pushi/vec4 149, 0, 8;
    %cmp/u;
    %jmp/1 T_4.149, 6;
    %dup/vec4;
    %pushi/vec4 150, 0, 8;
    %cmp/u;
    %jmp/1 T_4.150, 6;
    %dup/vec4;
    %pushi/vec4 151, 0, 8;
    %cmp/u;
    %jmp/1 T_4.151, 6;
    %dup/vec4;
    %pushi/vec4 152, 0, 8;
    %cmp/u;
    %jmp/1 T_4.152, 6;
    %dup/vec4;
    %pushi/vec4 153, 0, 8;
    %cmp/u;
    %jmp/1 T_4.153, 6;
    %dup/vec4;
    %pushi/vec4 154, 0, 8;
    %cmp/u;
    %jmp/1 T_4.154, 6;
    %dup/vec4;
    %pushi/vec4 155, 0, 8;
    %cmp/u;
    %jmp/1 T_4.155, 6;
    %dup/vec4;
    %pushi/vec4 156, 0, 8;
    %cmp/u;
    %jmp/1 T_4.156, 6;
    %dup/vec4;
    %pushi/vec4 157, 0, 8;
    %cmp/u;
    %jmp/1 T_4.157, 6;
    %dup/vec4;
    %pushi/vec4 158, 0, 8;
    %cmp/u;
    %jmp/1 T_4.158, 6;
    %dup/vec4;
    %pushi/vec4 159, 0, 8;
    %cmp/u;
    %jmp/1 T_4.159, 6;
    %dup/vec4;
    %pushi/vec4 160, 0, 8;
    %cmp/u;
    %jmp/1 T_4.160, 6;
    %dup/vec4;
    %pushi/vec4 161, 0, 8;
    %cmp/u;
    %jmp/1 T_4.161, 6;
    %dup/vec4;
    %pushi/vec4 162, 0, 8;
    %cmp/u;
    %jmp/1 T_4.162, 6;
    %dup/vec4;
    %pushi/vec4 163, 0, 8;
    %cmp/u;
    %jmp/1 T_4.163, 6;
    %dup/vec4;
    %pushi/vec4 164, 0, 8;
    %cmp/u;
    %jmp/1 T_4.164, 6;
    %dup/vec4;
    %pushi/vec4 165, 0, 8;
    %cmp/u;
    %jmp/1 T_4.165, 6;
    %dup/vec4;
    %pushi/vec4 166, 0, 8;
    %cmp/u;
    %jmp/1 T_4.166, 6;
    %dup/vec4;
    %pushi/vec4 167, 0, 8;
    %cmp/u;
    %jmp/1 T_4.167, 6;
    %dup/vec4;
    %pushi/vec4 168, 0, 8;
    %cmp/u;
    %jmp/1 T_4.168, 6;
    %dup/vec4;
    %pushi/vec4 169, 0, 8;
    %cmp/u;
    %jmp/1 T_4.169, 6;
    %dup/vec4;
    %pushi/vec4 170, 0, 8;
    %cmp/u;
    %jmp/1 T_4.170, 6;
    %dup/vec4;
    %pushi/vec4 171, 0, 8;
    %cmp/u;
    %jmp/1 T_4.171, 6;
    %dup/vec4;
    %pushi/vec4 172, 0, 8;
    %cmp/u;
    %jmp/1 T_4.172, 6;
    %dup/vec4;
    %pushi/vec4 173, 0, 8;
    %cmp/u;
    %jmp/1 T_4.173, 6;
    %dup/vec4;
    %pushi/vec4 174, 0, 8;
    %cmp/u;
    %jmp/1 T_4.174, 6;
    %dup/vec4;
    %pushi/vec4 175, 0, 8;
    %cmp/u;
    %jmp/1 T_4.175, 6;
    %dup/vec4;
    %pushi/vec4 176, 0, 8;
    %cmp/u;
    %jmp/1 T_4.176, 6;
    %dup/vec4;
    %pushi/vec4 177, 0, 8;
    %cmp/u;
    %jmp/1 T_4.177, 6;
    %dup/vec4;
    %pushi/vec4 178, 0, 8;
    %cmp/u;
    %jmp/1 T_4.178, 6;
    %dup/vec4;
    %pushi/vec4 179, 0, 8;
    %cmp/u;
    %jmp/1 T_4.179, 6;
    %dup/vec4;
    %pushi/vec4 180, 0, 8;
    %cmp/u;
    %jmp/1 T_4.180, 6;
    %dup/vec4;
    %pushi/vec4 181, 0, 8;
    %cmp/u;
    %jmp/1 T_4.181, 6;
    %dup/vec4;
    %pushi/vec4 182, 0, 8;
    %cmp/u;
    %jmp/1 T_4.182, 6;
    %dup/vec4;
    %pushi/vec4 183, 0, 8;
    %cmp/u;
    %jmp/1 T_4.183, 6;
    %dup/vec4;
    %pushi/vec4 184, 0, 8;
    %cmp/u;
    %jmp/1 T_4.184, 6;
    %dup/vec4;
    %pushi/vec4 185, 0, 8;
    %cmp/u;
    %jmp/1 T_4.185, 6;
    %dup/vec4;
    %pushi/vec4 186, 0, 8;
    %cmp/u;
    %jmp/1 T_4.186, 6;
    %dup/vec4;
    %pushi/vec4 187, 0, 8;
    %cmp/u;
    %jmp/1 T_4.187, 6;
    %dup/vec4;
    %pushi/vec4 188, 0, 8;
    %cmp/u;
    %jmp/1 T_4.188, 6;
    %dup/vec4;
    %pushi/vec4 189, 0, 8;
    %cmp/u;
    %jmp/1 T_4.189, 6;
    %dup/vec4;
    %pushi/vec4 190, 0, 8;
    %cmp/u;
    %jmp/1 T_4.190, 6;
    %dup/vec4;
    %pushi/vec4 191, 0, 8;
    %cmp/u;
    %jmp/1 T_4.191, 6;
    %dup/vec4;
    %pushi/vec4 192, 0, 8;
    %cmp/u;
    %jmp/1 T_4.192, 6;
    %dup/vec4;
    %pushi/vec4 193, 0, 8;
    %cmp/u;
    %jmp/1 T_4.193, 6;
    %dup/vec4;
    %pushi/vec4 194, 0, 8;
    %cmp/u;
    %jmp/1 T_4.194, 6;
    %dup/vec4;
    %pushi/vec4 195, 0, 8;
    %cmp/u;
    %jmp/1 T_4.195, 6;
    %dup/vec4;
    %pushi/vec4 196, 0, 8;
    %cmp/u;
    %jmp/1 T_4.196, 6;
    %dup/vec4;
    %pushi/vec4 197, 0, 8;
    %cmp/u;
    %jmp/1 T_4.197, 6;
    %dup/vec4;
    %pushi/vec4 198, 0, 8;
    %cmp/u;
    %jmp/1 T_4.198, 6;
    %dup/vec4;
    %pushi/vec4 199, 0, 8;
    %cmp/u;
    %jmp/1 T_4.199, 6;
    %dup/vec4;
    %pushi/vec4 200, 0, 8;
    %cmp/u;
    %jmp/1 T_4.200, 6;
    %dup/vec4;
    %pushi/vec4 201, 0, 8;
    %cmp/u;
    %jmp/1 T_4.201, 6;
    %dup/vec4;
    %pushi/vec4 202, 0, 8;
    %cmp/u;
    %jmp/1 T_4.202, 6;
    %dup/vec4;
    %pushi/vec4 203, 0, 8;
    %cmp/u;
    %jmp/1 T_4.203, 6;
    %dup/vec4;
    %pushi/vec4 204, 0, 8;
    %cmp/u;
    %jmp/1 T_4.204, 6;
    %dup/vec4;
    %pushi/vec4 205, 0, 8;
    %cmp/u;
    %jmp/1 T_4.205, 6;
    %dup/vec4;
    %pushi/vec4 206, 0, 8;
    %cmp/u;
    %jmp/1 T_4.206, 6;
    %dup/vec4;
    %pushi/vec4 207, 0, 8;
    %cmp/u;
    %jmp/1 T_4.207, 6;
    %dup/vec4;
    %pushi/vec4 208, 0, 8;
    %cmp/u;
    %jmp/1 T_4.208, 6;
    %dup/vec4;
    %pushi/vec4 209, 0, 8;
    %cmp/u;
    %jmp/1 T_4.209, 6;
    %dup/vec4;
    %pushi/vec4 210, 0, 8;
    %cmp/u;
    %jmp/1 T_4.210, 6;
    %dup/vec4;
    %pushi/vec4 211, 0, 8;
    %cmp/u;
    %jmp/1 T_4.211, 6;
    %dup/vec4;
    %pushi/vec4 212, 0, 8;
    %cmp/u;
    %jmp/1 T_4.212, 6;
    %dup/vec4;
    %pushi/vec4 213, 0, 8;
    %cmp/u;
    %jmp/1 T_4.213, 6;
    %dup/vec4;
    %pushi/vec4 214, 0, 8;
    %cmp/u;
    %jmp/1 T_4.214, 6;
    %dup/vec4;
    %pushi/vec4 215, 0, 8;
    %cmp/u;
    %jmp/1 T_4.215, 6;
    %dup/vec4;
    %pushi/vec4 216, 0, 8;
    %cmp/u;
    %jmp/1 T_4.216, 6;
    %dup/vec4;
    %pushi/vec4 217, 0, 8;
    %cmp/u;
    %jmp/1 T_4.217, 6;
    %dup/vec4;
    %pushi/vec4 218, 0, 8;
    %cmp/u;
    %jmp/1 T_4.218, 6;
    %dup/vec4;
    %pushi/vec4 219, 0, 8;
    %cmp/u;
    %jmp/1 T_4.219, 6;
    %dup/vec4;
    %pushi/vec4 220, 0, 8;
    %cmp/u;
    %jmp/1 T_4.220, 6;
    %dup/vec4;
    %pushi/vec4 221, 0, 8;
    %cmp/u;
    %jmp/1 T_4.221, 6;
    %dup/vec4;
    %pushi/vec4 222, 0, 8;
    %cmp/u;
    %jmp/1 T_4.222, 6;
    %dup/vec4;
    %pushi/vec4 223, 0, 8;
    %cmp/u;
    %jmp/1 T_4.223, 6;
    %dup/vec4;
    %pushi/vec4 224, 0, 8;
    %cmp/u;
    %jmp/1 T_4.224, 6;
    %dup/vec4;
    %pushi/vec4 225, 0, 8;
    %cmp/u;
    %jmp/1 T_4.225, 6;
    %dup/vec4;
    %pushi/vec4 226, 0, 8;
    %cmp/u;
    %jmp/1 T_4.226, 6;
    %dup/vec4;
    %pushi/vec4 227, 0, 8;
    %cmp/u;
    %jmp/1 T_4.227, 6;
    %dup/vec4;
    %pushi/vec4 228, 0, 8;
    %cmp/u;
    %jmp/1 T_4.228, 6;
    %dup/vec4;
    %pushi/vec4 229, 0, 8;
    %cmp/u;
    %jmp/1 T_4.229, 6;
    %dup/vec4;
    %pushi/vec4 230, 0, 8;
    %cmp/u;
    %jmp/1 T_4.230, 6;
    %dup/vec4;
    %pushi/vec4 231, 0, 8;
    %cmp/u;
    %jmp/1 T_4.231, 6;
    %dup/vec4;
    %pushi/vec4 232, 0, 8;
    %cmp/u;
    %jmp/1 T_4.232, 6;
    %dup/vec4;
    %pushi/vec4 233, 0, 8;
    %cmp/u;
    %jmp/1 T_4.233, 6;
    %dup/vec4;
    %pushi/vec4 234, 0, 8;
    %cmp/u;
    %jmp/1 T_4.234, 6;
    %dup/vec4;
    %pushi/vec4 235, 0, 8;
    %cmp/u;
    %jmp/1 T_4.235, 6;
    %dup/vec4;
    %pushi/vec4 236, 0, 8;
    %cmp/u;
    %jmp/1 T_4.236, 6;
    %dup/vec4;
    %pushi/vec4 237, 0, 8;
    %cmp/u;
    %jmp/1 T_4.237, 6;
    %dup/vec4;
    %pushi/vec4 238, 0, 8;
    %cmp/u;
    %jmp/1 T_4.238, 6;
    %dup/vec4;
    %pushi/vec4 239, 0, 8;
    %cmp/u;
    %jmp/1 T_4.239, 6;
    %dup/vec4;
    %pushi/vec4 240, 0, 8;
    %cmp/u;
    %jmp/1 T_4.240, 6;
    %dup/vec4;
    %pushi/vec4 241, 0, 8;
    %cmp/u;
    %jmp/1 T_4.241, 6;
    %dup/vec4;
    %pushi/vec4 242, 0, 8;
    %cmp/u;
    %jmp/1 T_4.242, 6;
    %dup/vec4;
    %pushi/vec4 243, 0, 8;
    %cmp/u;
    %jmp/1 T_4.243, 6;
    %dup/vec4;
    %pushi/vec4 244, 0, 8;
    %cmp/u;
    %jmp/1 T_4.244, 6;
    %dup/vec4;
    %pushi/vec4 245, 0, 8;
    %cmp/u;
    %jmp/1 T_4.245, 6;
    %dup/vec4;
    %pushi/vec4 246, 0, 8;
    %cmp/u;
    %jmp/1 T_4.246, 6;
    %dup/vec4;
    %pushi/vec4 247, 0, 8;
    %cmp/u;
    %jmp/1 T_4.247, 6;
    %dup/vec4;
    %pushi/vec4 248, 0, 8;
    %cmp/u;
    %jmp/1 T_4.248, 6;
    %dup/vec4;
    %pushi/vec4 249, 0, 8;
    %cmp/u;
    %jmp/1 T_4.249, 6;
    %dup/vec4;
    %pushi/vec4 250, 0, 8;
    %cmp/u;
    %jmp/1 T_4.250, 6;
    %dup/vec4;
    %pushi/vec4 251, 0, 8;
    %cmp/u;
    %jmp/1 T_4.251, 6;
    %dup/vec4;
    %pushi/vec4 252, 0, 8;
    %cmp/u;
    %jmp/1 T_4.252, 6;
    %dup/vec4;
    %pushi/vec4 253, 0, 8;
    %cmp/u;
    %jmp/1 T_4.253, 6;
    %dup/vec4;
    %pushi/vec4 254, 0, 8;
    %cmp/u;
    %jmp/1 T_4.254, 6;
    %dup/vec4;
    %pushi/vec4 255, 0, 8;
    %cmp/u;
    %jmp/1 T_4.255, 6;
    %pushi/vec4 0, 0, 8;
    %store/vec4 v0x8a2cf41e0_0, 0, 8;
    %jmp T_4.257;
T_4.0 ;
    %pushi/vec4 99, 0, 8;
    %store/vec4 v0x8a2cf41e0_0, 0, 8;
    %jmp T_4.257;
T_4.1 ;
    %pushi/vec4 124, 0, 8;
    %store/vec4 v0x8a2cf41e0_0, 0, 8;
    %jmp T_4.257;
T_4.2 ;
    %pushi/vec4 119, 0, 8;
    %store/vec4 v0x8a2cf41e0_0, 0, 8;
    %jmp T_4.257;
T_4.3 ;
    %pushi/vec4 123, 0, 8;
    %store/vec4 v0x8a2cf41e0_0, 0, 8;
    %jmp T_4.257;
T_4.4 ;
    %pushi/vec4 242, 0, 8;
    %store/vec4 v0x8a2cf41e0_0, 0, 8;
    %jmp T_4.257;
T_4.5 ;
    %pushi/vec4 107, 0, 8;
    %store/vec4 v0x8a2cf41e0_0, 0, 8;
    %jmp T_4.257;
T_4.6 ;
    %pushi/vec4 111, 0, 8;
    %store/vec4 v0x8a2cf41e0_0, 0, 8;
    %jmp T_4.257;
T_4.7 ;
    %pushi/vec4 197, 0, 8;
    %store/vec4 v0x8a2cf41e0_0, 0, 8;
    %jmp T_4.257;
T_4.8 ;
    %pushi/vec4 48, 0, 8;
    %store/vec4 v0x8a2cf41e0_0, 0, 8;
    %jmp T_4.257;
T_4.9 ;
    %pushi/vec4 1, 0, 8;
    %store/vec4 v0x8a2cf41e0_0, 0, 8;
    %jmp T_4.257;
T_4.10 ;
    %pushi/vec4 103, 0, 8;
    %store/vec4 v0x8a2cf41e0_0, 0, 8;
    %jmp T_4.257;
T_4.11 ;
    %pushi/vec4 43, 0, 8;
    %store/vec4 v0x8a2cf41e0_0, 0, 8;
    %jmp T_4.257;
T_4.12 ;
    %pushi/vec4 254, 0, 8;
    %store/vec4 v0x8a2cf41e0_0, 0, 8;
    %jmp T_4.257;
T_4.13 ;
    %pushi/vec4 215, 0, 8;
    %store/vec4 v0x8a2cf41e0_0, 0, 8;
    %jmp T_4.257;
T_4.14 ;
    %pushi/vec4 171, 0, 8;
    %store/vec4 v0x8a2cf41e0_0, 0, 8;
    %jmp T_4.257;
T_4.15 ;
    %pushi/vec4 118, 0, 8;
    %store/vec4 v0x8a2cf41e0_0, 0, 8;
    %jmp T_4.257;
T_4.16 ;
    %pushi/vec4 202, 0, 8;
    %store/vec4 v0x8a2cf41e0_0, 0, 8;
    %jmp T_4.257;
T_4.17 ;
    %pushi/vec4 130, 0, 8;
    %store/vec4 v0x8a2cf41e0_0, 0, 8;
    %jmp T_4.257;
T_4.18 ;
    %pushi/vec4 201, 0, 8;
    %store/vec4 v0x8a2cf41e0_0, 0, 8;
    %jmp T_4.257;
T_4.19 ;
    %pushi/vec4 125, 0, 8;
    %store/vec4 v0x8a2cf41e0_0, 0, 8;
    %jmp T_4.257;
T_4.20 ;
    %pushi/vec4 250, 0, 8;
    %store/vec4 v0x8a2cf41e0_0, 0, 8;
    %jmp T_4.257;
T_4.21 ;
    %pushi/vec4 89, 0, 8;
    %store/vec4 v0x8a2cf41e0_0, 0, 8;
    %jmp T_4.257;
T_4.22 ;
    %pushi/vec4 71, 0, 8;
    %store/vec4 v0x8a2cf41e0_0, 0, 8;
    %jmp T_4.257;
T_4.23 ;
    %pushi/vec4 240, 0, 8;
    %store/vec4 v0x8a2cf41e0_0, 0, 8;
    %jmp T_4.257;
T_4.24 ;
    %pushi/vec4 173, 0, 8;
    %store/vec4 v0x8a2cf41e0_0, 0, 8;
    %jmp T_4.257;
T_4.25 ;
    %pushi/vec4 212, 0, 8;
    %store/vec4 v0x8a2cf41e0_0, 0, 8;
    %jmp T_4.257;
T_4.26 ;
    %pushi/vec4 162, 0, 8;
    %store/vec4 v0x8a2cf41e0_0, 0, 8;
    %jmp T_4.257;
T_4.27 ;
    %pushi/vec4 175, 0, 8;
    %store/vec4 v0x8a2cf41e0_0, 0, 8;
    %jmp T_4.257;
T_4.28 ;
    %pushi/vec4 156, 0, 8;
    %store/vec4 v0x8a2cf41e0_0, 0, 8;
    %jmp T_4.257;
T_4.29 ;
    %pushi/vec4 164, 0, 8;
    %store/vec4 v0x8a2cf41e0_0, 0, 8;
    %jmp T_4.257;
T_4.30 ;
    %pushi/vec4 114, 0, 8;
    %store/vec4 v0x8a2cf41e0_0, 0, 8;
    %jmp T_4.257;
T_4.31 ;
    %pushi/vec4 192, 0, 8;
    %store/vec4 v0x8a2cf41e0_0, 0, 8;
    %jmp T_4.257;
T_4.32 ;
    %pushi/vec4 183, 0, 8;
    %store/vec4 v0x8a2cf41e0_0, 0, 8;
    %jmp T_4.257;
T_4.33 ;
    %pushi/vec4 253, 0, 8;
    %store/vec4 v0x8a2cf41e0_0, 0, 8;
    %jmp T_4.257;
T_4.34 ;
    %pushi/vec4 147, 0, 8;
    %store/vec4 v0x8a2cf41e0_0, 0, 8;
    %jmp T_4.257;
T_4.35 ;
    %pushi/vec4 38, 0, 8;
    %store/vec4 v0x8a2cf41e0_0, 0, 8;
    %jmp T_4.257;
T_4.36 ;
    %pushi/vec4 54, 0, 8;
    %store/vec4 v0x8a2cf41e0_0, 0, 8;
    %jmp T_4.257;
T_4.37 ;
    %pushi/vec4 63, 0, 8;
    %store/vec4 v0x8a2cf41e0_0, 0, 8;
    %jmp T_4.257;
T_4.38 ;
    %pushi/vec4 247, 0, 8;
    %store/vec4 v0x8a2cf41e0_0, 0, 8;
    %jmp T_4.257;
T_4.39 ;
    %pushi/vec4 204, 0, 8;
    %store/vec4 v0x8a2cf41e0_0, 0, 8;
    %jmp T_4.257;
T_4.40 ;
    %pushi/vec4 52, 0, 8;
    %store/vec4 v0x8a2cf41e0_0, 0, 8;
    %jmp T_4.257;
T_4.41 ;
    %pushi/vec4 165, 0, 8;
    %store/vec4 v0x8a2cf41e0_0, 0, 8;
    %jmp T_4.257;
T_4.42 ;
    %pushi/vec4 229, 0, 8;
    %store/vec4 v0x8a2cf41e0_0, 0, 8;
    %jmp T_4.257;
T_4.43 ;
    %pushi/vec4 241, 0, 8;
    %store/vec4 v0x8a2cf41e0_0, 0, 8;
    %jmp T_4.257;
T_4.44 ;
    %pushi/vec4 113, 0, 8;
    %store/vec4 v0x8a2cf41e0_0, 0, 8;
    %jmp T_4.257;
T_4.45 ;
    %pushi/vec4 216, 0, 8;
    %store/vec4 v0x8a2cf41e0_0, 0, 8;
    %jmp T_4.257;
T_4.46 ;
    %pushi/vec4 49, 0, 8;
    %store/vec4 v0x8a2cf41e0_0, 0, 8;
    %jmp T_4.257;
T_4.47 ;
    %pushi/vec4 21, 0, 8;
    %store/vec4 v0x8a2cf41e0_0, 0, 8;
    %jmp T_4.257;
T_4.48 ;
    %pushi/vec4 4, 0, 8;
    %store/vec4 v0x8a2cf41e0_0, 0, 8;
    %jmp T_4.257;
T_4.49 ;
    %pushi/vec4 199, 0, 8;
    %store/vec4 v0x8a2cf41e0_0, 0, 8;
    %jmp T_4.257;
T_4.50 ;
    %pushi/vec4 35, 0, 8;
    %store/vec4 v0x8a2cf41e0_0, 0, 8;
    %jmp T_4.257;
T_4.51 ;
    %pushi/vec4 195, 0, 8;
    %store/vec4 v0x8a2cf41e0_0, 0, 8;
    %jmp T_4.257;
T_4.52 ;
    %pushi/vec4 24, 0, 8;
    %store/vec4 v0x8a2cf41e0_0, 0, 8;
    %jmp T_4.257;
T_4.53 ;
    %pushi/vec4 150, 0, 8;
    %store/vec4 v0x8a2cf41e0_0, 0, 8;
    %jmp T_4.257;
T_4.54 ;
    %pushi/vec4 5, 0, 8;
    %store/vec4 v0x8a2cf41e0_0, 0, 8;
    %jmp T_4.257;
T_4.55 ;
    %pushi/vec4 154, 0, 8;
    %store/vec4 v0x8a2cf41e0_0, 0, 8;
    %jmp T_4.257;
T_4.56 ;
    %pushi/vec4 7, 0, 8;
    %store/vec4 v0x8a2cf41e0_0, 0, 8;
    %jmp T_4.257;
T_4.57 ;
    %pushi/vec4 18, 0, 8;
    %store/vec4 v0x8a2cf41e0_0, 0, 8;
    %jmp T_4.257;
T_4.58 ;
    %pushi/vec4 128, 0, 8;
    %store/vec4 v0x8a2cf41e0_0, 0, 8;
    %jmp T_4.257;
T_4.59 ;
    %pushi/vec4 226, 0, 8;
    %store/vec4 v0x8a2cf41e0_0, 0, 8;
    %jmp T_4.257;
T_4.60 ;
    %pushi/vec4 235, 0, 8;
    %store/vec4 v0x8a2cf41e0_0, 0, 8;
    %jmp T_4.257;
T_4.61 ;
    %pushi/vec4 39, 0, 8;
    %store/vec4 v0x8a2cf41e0_0, 0, 8;
    %jmp T_4.257;
T_4.62 ;
    %pushi/vec4 178, 0, 8;
    %store/vec4 v0x8a2cf41e0_0, 0, 8;
    %jmp T_4.257;
T_4.63 ;
    %pushi/vec4 117, 0, 8;
    %store/vec4 v0x8a2cf41e0_0, 0, 8;
    %jmp T_4.257;
T_4.64 ;
    %pushi/vec4 9, 0, 8;
    %store/vec4 v0x8a2cf41e0_0, 0, 8;
    %jmp T_4.257;
T_4.65 ;
    %pushi/vec4 131, 0, 8;
    %store/vec4 v0x8a2cf41e0_0, 0, 8;
    %jmp T_4.257;
T_4.66 ;
    %pushi/vec4 44, 0, 8;
    %store/vec4 v0x8a2cf41e0_0, 0, 8;
    %jmp T_4.257;
T_4.67 ;
    %pushi/vec4 26, 0, 8;
    %store/vec4 v0x8a2cf41e0_0, 0, 8;
    %jmp T_4.257;
T_4.68 ;
    %pushi/vec4 27, 0, 8;
    %store/vec4 v0x8a2cf41e0_0, 0, 8;
    %jmp T_4.257;
T_4.69 ;
    %pushi/vec4 110, 0, 8;
    %store/vec4 v0x8a2cf41e0_0, 0, 8;
    %jmp T_4.257;
T_4.70 ;
    %pushi/vec4 90, 0, 8;
    %store/vec4 v0x8a2cf41e0_0, 0, 8;
    %jmp T_4.257;
T_4.71 ;
    %pushi/vec4 160, 0, 8;
    %store/vec4 v0x8a2cf41e0_0, 0, 8;
    %jmp T_4.257;
T_4.72 ;
    %pushi/vec4 82, 0, 8;
    %store/vec4 v0x8a2cf41e0_0, 0, 8;
    %jmp T_4.257;
T_4.73 ;
    %pushi/vec4 59, 0, 8;
    %store/vec4 v0x8a2cf41e0_0, 0, 8;
    %jmp T_4.257;
T_4.74 ;
    %pushi/vec4 214, 0, 8;
    %store/vec4 v0x8a2cf41e0_0, 0, 8;
    %jmp T_4.257;
T_4.75 ;
    %pushi/vec4 179, 0, 8;
    %store/vec4 v0x8a2cf41e0_0, 0, 8;
    %jmp T_4.257;
T_4.76 ;
    %pushi/vec4 41, 0, 8;
    %store/vec4 v0x8a2cf41e0_0, 0, 8;
    %jmp T_4.257;
T_4.77 ;
    %pushi/vec4 227, 0, 8;
    %store/vec4 v0x8a2cf41e0_0, 0, 8;
    %jmp T_4.257;
T_4.78 ;
    %pushi/vec4 47, 0, 8;
    %store/vec4 v0x8a2cf41e0_0, 0, 8;
    %jmp T_4.257;
T_4.79 ;
    %pushi/vec4 132, 0, 8;
    %store/vec4 v0x8a2cf41e0_0, 0, 8;
    %jmp T_4.257;
T_4.80 ;
    %pushi/vec4 83, 0, 8;
    %store/vec4 v0x8a2cf41e0_0, 0, 8;
    %jmp T_4.257;
T_4.81 ;
    %pushi/vec4 209, 0, 8;
    %store/vec4 v0x8a2cf41e0_0, 0, 8;
    %jmp T_4.257;
T_4.82 ;
    %pushi/vec4 0, 0, 8;
    %store/vec4 v0x8a2cf41e0_0, 0, 8;
    %jmp T_4.257;
T_4.83 ;
    %pushi/vec4 237, 0, 8;
    %store/vec4 v0x8a2cf41e0_0, 0, 8;
    %jmp T_4.257;
T_4.84 ;
    %pushi/vec4 32, 0, 8;
    %store/vec4 v0x8a2cf41e0_0, 0, 8;
    %jmp T_4.257;
T_4.85 ;
    %pushi/vec4 252, 0, 8;
    %store/vec4 v0x8a2cf41e0_0, 0, 8;
    %jmp T_4.257;
T_4.86 ;
    %pushi/vec4 177, 0, 8;
    %store/vec4 v0x8a2cf41e0_0, 0, 8;
    %jmp T_4.257;
T_4.87 ;
    %pushi/vec4 91, 0, 8;
    %store/vec4 v0x8a2cf41e0_0, 0, 8;
    %jmp T_4.257;
T_4.88 ;
    %pushi/vec4 106, 0, 8;
    %store/vec4 v0x8a2cf41e0_0, 0, 8;
    %jmp T_4.257;
T_4.89 ;
    %pushi/vec4 203, 0, 8;
    %store/vec4 v0x8a2cf41e0_0, 0, 8;
    %jmp T_4.257;
T_4.90 ;
    %pushi/vec4 190, 0, 8;
    %store/vec4 v0x8a2cf41e0_0, 0, 8;
    %jmp T_4.257;
T_4.91 ;
    %pushi/vec4 57, 0, 8;
    %store/vec4 v0x8a2cf41e0_0, 0, 8;
    %jmp T_4.257;
T_4.92 ;
    %pushi/vec4 74, 0, 8;
    %store/vec4 v0x8a2cf41e0_0, 0, 8;
    %jmp T_4.257;
T_4.93 ;
    %pushi/vec4 76, 0, 8;
    %store/vec4 v0x8a2cf41e0_0, 0, 8;
    %jmp T_4.257;
T_4.94 ;
    %pushi/vec4 88, 0, 8;
    %store/vec4 v0x8a2cf41e0_0, 0, 8;
    %jmp T_4.257;
T_4.95 ;
    %pushi/vec4 207, 0, 8;
    %store/vec4 v0x8a2cf41e0_0, 0, 8;
    %jmp T_4.257;
T_4.96 ;
    %pushi/vec4 208, 0, 8;
    %store/vec4 v0x8a2cf41e0_0, 0, 8;
    %jmp T_4.257;
T_4.97 ;
    %pushi/vec4 239, 0, 8;
    %store/vec4 v0x8a2cf41e0_0, 0, 8;
    %jmp T_4.257;
T_4.98 ;
    %pushi/vec4 170, 0, 8;
    %store/vec4 v0x8a2cf41e0_0, 0, 8;
    %jmp T_4.257;
T_4.99 ;
    %pushi/vec4 251, 0, 8;
    %store/vec4 v0x8a2cf41e0_0, 0, 8;
    %jmp T_4.257;
T_4.100 ;
    %pushi/vec4 67, 0, 8;
    %store/vec4 v0x8a2cf41e0_0, 0, 8;
    %jmp T_4.257;
T_4.101 ;
    %pushi/vec4 77, 0, 8;
    %store/vec4 v0x8a2cf41e0_0, 0, 8;
    %jmp T_4.257;
T_4.102 ;
    %pushi/vec4 51, 0, 8;
    %store/vec4 v0x8a2cf41e0_0, 0, 8;
    %jmp T_4.257;
T_4.103 ;
    %pushi/vec4 133, 0, 8;
    %store/vec4 v0x8a2cf41e0_0, 0, 8;
    %jmp T_4.257;
T_4.104 ;
    %pushi/vec4 69, 0, 8;
    %store/vec4 v0x8a2cf41e0_0, 0, 8;
    %jmp T_4.257;
T_4.105 ;
    %pushi/vec4 249, 0, 8;
    %store/vec4 v0x8a2cf41e0_0, 0, 8;
    %jmp T_4.257;
T_4.106 ;
    %pushi/vec4 2, 0, 8;
    %store/vec4 v0x8a2cf41e0_0, 0, 8;
    %jmp T_4.257;
T_4.107 ;
    %pushi/vec4 127, 0, 8;
    %store/vec4 v0x8a2cf41e0_0, 0, 8;
    %jmp T_4.257;
T_4.108 ;
    %pushi/vec4 80, 0, 8;
    %store/vec4 v0x8a2cf41e0_0, 0, 8;
    %jmp T_4.257;
T_4.109 ;
    %pushi/vec4 60, 0, 8;
    %store/vec4 v0x8a2cf41e0_0, 0, 8;
    %jmp T_4.257;
T_4.110 ;
    %pushi/vec4 159, 0, 8;
    %store/vec4 v0x8a2cf41e0_0, 0, 8;
    %jmp T_4.257;
T_4.111 ;
    %pushi/vec4 168, 0, 8;
    %store/vec4 v0x8a2cf41e0_0, 0, 8;
    %jmp T_4.257;
T_4.112 ;
    %pushi/vec4 81, 0, 8;
    %store/vec4 v0x8a2cf41e0_0, 0, 8;
    %jmp T_4.257;
T_4.113 ;
    %pushi/vec4 163, 0, 8;
    %store/vec4 v0x8a2cf41e0_0, 0, 8;
    %jmp T_4.257;
T_4.114 ;
    %pushi/vec4 64, 0, 8;
    %store/vec4 v0x8a2cf41e0_0, 0, 8;
    %jmp T_4.257;
T_4.115 ;
    %pushi/vec4 143, 0, 8;
    %store/vec4 v0x8a2cf41e0_0, 0, 8;
    %jmp T_4.257;
T_4.116 ;
    %pushi/vec4 146, 0, 8;
    %store/vec4 v0x8a2cf41e0_0, 0, 8;
    %jmp T_4.257;
T_4.117 ;
    %pushi/vec4 157, 0, 8;
    %store/vec4 v0x8a2cf41e0_0, 0, 8;
    %jmp T_4.257;
T_4.118 ;
    %pushi/vec4 56, 0, 8;
    %store/vec4 v0x8a2cf41e0_0, 0, 8;
    %jmp T_4.257;
T_4.119 ;
    %pushi/vec4 245, 0, 8;
    %store/vec4 v0x8a2cf41e0_0, 0, 8;
    %jmp T_4.257;
T_4.120 ;
    %pushi/vec4 188, 0, 8;
    %store/vec4 v0x8a2cf41e0_0, 0, 8;
    %jmp T_4.257;
T_4.121 ;
    %pushi/vec4 182, 0, 8;
    %store/vec4 v0x8a2cf41e0_0, 0, 8;
    %jmp T_4.257;
T_4.122 ;
    %pushi/vec4 218, 0, 8;
    %store/vec4 v0x8a2cf41e0_0, 0, 8;
    %jmp T_4.257;
T_4.123 ;
    %pushi/vec4 33, 0, 8;
    %store/vec4 v0x8a2cf41e0_0, 0, 8;
    %jmp T_4.257;
T_4.124 ;
    %pushi/vec4 16, 0, 8;
    %store/vec4 v0x8a2cf41e0_0, 0, 8;
    %jmp T_4.257;
T_4.125 ;
    %pushi/vec4 255, 0, 8;
    %store/vec4 v0x8a2cf41e0_0, 0, 8;
    %jmp T_4.257;
T_4.126 ;
    %pushi/vec4 243, 0, 8;
    %store/vec4 v0x8a2cf41e0_0, 0, 8;
    %jmp T_4.257;
T_4.127 ;
    %pushi/vec4 210, 0, 8;
    %store/vec4 v0x8a2cf41e0_0, 0, 8;
    %jmp T_4.257;
T_4.128 ;
    %pushi/vec4 205, 0, 8;
    %store/vec4 v0x8a2cf41e0_0, 0, 8;
    %jmp T_4.257;
T_4.129 ;
    %pushi/vec4 12, 0, 8;
    %store/vec4 v0x8a2cf41e0_0, 0, 8;
    %jmp T_4.257;
T_4.130 ;
    %pushi/vec4 19, 0, 8;
    %store/vec4 v0x8a2cf41e0_0, 0, 8;
    %jmp T_4.257;
T_4.131 ;
    %pushi/vec4 236, 0, 8;
    %store/vec4 v0x8a2cf41e0_0, 0, 8;
    %jmp T_4.257;
T_4.132 ;
    %pushi/vec4 95, 0, 8;
    %store/vec4 v0x8a2cf41e0_0, 0, 8;
    %jmp T_4.257;
T_4.133 ;
    %pushi/vec4 151, 0, 8;
    %store/vec4 v0x8a2cf41e0_0, 0, 8;
    %jmp T_4.257;
T_4.134 ;
    %pushi/vec4 68, 0, 8;
    %store/vec4 v0x8a2cf41e0_0, 0, 8;
    %jmp T_4.257;
T_4.135 ;
    %pushi/vec4 23, 0, 8;
    %store/vec4 v0x8a2cf41e0_0, 0, 8;
    %jmp T_4.257;
T_4.136 ;
    %pushi/vec4 196, 0, 8;
    %store/vec4 v0x8a2cf41e0_0, 0, 8;
    %jmp T_4.257;
T_4.137 ;
    %pushi/vec4 167, 0, 8;
    %store/vec4 v0x8a2cf41e0_0, 0, 8;
    %jmp T_4.257;
T_4.138 ;
    %pushi/vec4 126, 0, 8;
    %store/vec4 v0x8a2cf41e0_0, 0, 8;
    %jmp T_4.257;
T_4.139 ;
    %pushi/vec4 61, 0, 8;
    %store/vec4 v0x8a2cf41e0_0, 0, 8;
    %jmp T_4.257;
T_4.140 ;
    %pushi/vec4 100, 0, 8;
    %store/vec4 v0x8a2cf41e0_0, 0, 8;
    %jmp T_4.257;
T_4.141 ;
    %pushi/vec4 93, 0, 8;
    %store/vec4 v0x8a2cf41e0_0, 0, 8;
    %jmp T_4.257;
T_4.142 ;
    %pushi/vec4 25, 0, 8;
    %store/vec4 v0x8a2cf41e0_0, 0, 8;
    %jmp T_4.257;
T_4.143 ;
    %pushi/vec4 115, 0, 8;
    %store/vec4 v0x8a2cf41e0_0, 0, 8;
    %jmp T_4.257;
T_4.144 ;
    %pushi/vec4 96, 0, 8;
    %store/vec4 v0x8a2cf41e0_0, 0, 8;
    %jmp T_4.257;
T_4.145 ;
    %pushi/vec4 129, 0, 8;
    %store/vec4 v0x8a2cf41e0_0, 0, 8;
    %jmp T_4.257;
T_4.146 ;
    %pushi/vec4 79, 0, 8;
    %store/vec4 v0x8a2cf41e0_0, 0, 8;
    %jmp T_4.257;
T_4.147 ;
    %pushi/vec4 220, 0, 8;
    %store/vec4 v0x8a2cf41e0_0, 0, 8;
    %jmp T_4.257;
T_4.148 ;
    %pushi/vec4 34, 0, 8;
    %store/vec4 v0x8a2cf41e0_0, 0, 8;
    %jmp T_4.257;
T_4.149 ;
    %pushi/vec4 42, 0, 8;
    %store/vec4 v0x8a2cf41e0_0, 0, 8;
    %jmp T_4.257;
T_4.150 ;
    %pushi/vec4 144, 0, 8;
    %store/vec4 v0x8a2cf41e0_0, 0, 8;
    %jmp T_4.257;
T_4.151 ;
    %pushi/vec4 136, 0, 8;
    %store/vec4 v0x8a2cf41e0_0, 0, 8;
    %jmp T_4.257;
T_4.152 ;
    %pushi/vec4 70, 0, 8;
    %store/vec4 v0x8a2cf41e0_0, 0, 8;
    %jmp T_4.257;
T_4.153 ;
    %pushi/vec4 238, 0, 8;
    %store/vec4 v0x8a2cf41e0_0, 0, 8;
    %jmp T_4.257;
T_4.154 ;
    %pushi/vec4 184, 0, 8;
    %store/vec4 v0x8a2cf41e0_0, 0, 8;
    %jmp T_4.257;
T_4.155 ;
    %pushi/vec4 20, 0, 8;
    %store/vec4 v0x8a2cf41e0_0, 0, 8;
    %jmp T_4.257;
T_4.156 ;
    %pushi/vec4 222, 0, 8;
    %store/vec4 v0x8a2cf41e0_0, 0, 8;
    %jmp T_4.257;
T_4.157 ;
    %pushi/vec4 94, 0, 8;
    %store/vec4 v0x8a2cf41e0_0, 0, 8;
    %jmp T_4.257;
T_4.158 ;
    %pushi/vec4 11, 0, 8;
    %store/vec4 v0x8a2cf41e0_0, 0, 8;
    %jmp T_4.257;
T_4.159 ;
    %pushi/vec4 219, 0, 8;
    %store/vec4 v0x8a2cf41e0_0, 0, 8;
    %jmp T_4.257;
T_4.160 ;
    %pushi/vec4 224, 0, 8;
    %store/vec4 v0x8a2cf41e0_0, 0, 8;
    %jmp T_4.257;
T_4.161 ;
    %pushi/vec4 50, 0, 8;
    %store/vec4 v0x8a2cf41e0_0, 0, 8;
    %jmp T_4.257;
T_4.162 ;
    %pushi/vec4 58, 0, 8;
    %store/vec4 v0x8a2cf41e0_0, 0, 8;
    %jmp T_4.257;
T_4.163 ;
    %pushi/vec4 10, 0, 8;
    %store/vec4 v0x8a2cf41e0_0, 0, 8;
    %jmp T_4.257;
T_4.164 ;
    %pushi/vec4 73, 0, 8;
    %store/vec4 v0x8a2cf41e0_0, 0, 8;
    %jmp T_4.257;
T_4.165 ;
    %pushi/vec4 6, 0, 8;
    %store/vec4 v0x8a2cf41e0_0, 0, 8;
    %jmp T_4.257;
T_4.166 ;
    %pushi/vec4 36, 0, 8;
    %store/vec4 v0x8a2cf41e0_0, 0, 8;
    %jmp T_4.257;
T_4.167 ;
    %pushi/vec4 92, 0, 8;
    %store/vec4 v0x8a2cf41e0_0, 0, 8;
    %jmp T_4.257;
T_4.168 ;
    %pushi/vec4 194, 0, 8;
    %store/vec4 v0x8a2cf41e0_0, 0, 8;
    %jmp T_4.257;
T_4.169 ;
    %pushi/vec4 211, 0, 8;
    %store/vec4 v0x8a2cf41e0_0, 0, 8;
    %jmp T_4.257;
T_4.170 ;
    %pushi/vec4 172, 0, 8;
    %store/vec4 v0x8a2cf41e0_0, 0, 8;
    %jmp T_4.257;
T_4.171 ;
    %pushi/vec4 98, 0, 8;
    %store/vec4 v0x8a2cf41e0_0, 0, 8;
    %jmp T_4.257;
T_4.172 ;
    %pushi/vec4 145, 0, 8;
    %store/vec4 v0x8a2cf41e0_0, 0, 8;
    %jmp T_4.257;
T_4.173 ;
    %pushi/vec4 149, 0, 8;
    %store/vec4 v0x8a2cf41e0_0, 0, 8;
    %jmp T_4.257;
T_4.174 ;
    %pushi/vec4 228, 0, 8;
    %store/vec4 v0x8a2cf41e0_0, 0, 8;
    %jmp T_4.257;
T_4.175 ;
    %pushi/vec4 121, 0, 8;
    %store/vec4 v0x8a2cf41e0_0, 0, 8;
    %jmp T_4.257;
T_4.176 ;
    %pushi/vec4 231, 0, 8;
    %store/vec4 v0x8a2cf41e0_0, 0, 8;
    %jmp T_4.257;
T_4.177 ;
    %pushi/vec4 200, 0, 8;
    %store/vec4 v0x8a2cf41e0_0, 0, 8;
    %jmp T_4.257;
T_4.178 ;
    %pushi/vec4 55, 0, 8;
    %store/vec4 v0x8a2cf41e0_0, 0, 8;
    %jmp T_4.257;
T_4.179 ;
    %pushi/vec4 109, 0, 8;
    %store/vec4 v0x8a2cf41e0_0, 0, 8;
    %jmp T_4.257;
T_4.180 ;
    %pushi/vec4 141, 0, 8;
    %store/vec4 v0x8a2cf41e0_0, 0, 8;
    %jmp T_4.257;
T_4.181 ;
    %pushi/vec4 213, 0, 8;
    %store/vec4 v0x8a2cf41e0_0, 0, 8;
    %jmp T_4.257;
T_4.182 ;
    %pushi/vec4 78, 0, 8;
    %store/vec4 v0x8a2cf41e0_0, 0, 8;
    %jmp T_4.257;
T_4.183 ;
    %pushi/vec4 169, 0, 8;
    %store/vec4 v0x8a2cf41e0_0, 0, 8;
    %jmp T_4.257;
T_4.184 ;
    %pushi/vec4 108, 0, 8;
    %store/vec4 v0x8a2cf41e0_0, 0, 8;
    %jmp T_4.257;
T_4.185 ;
    %pushi/vec4 86, 0, 8;
    %store/vec4 v0x8a2cf41e0_0, 0, 8;
    %jmp T_4.257;
T_4.186 ;
    %pushi/vec4 244, 0, 8;
    %store/vec4 v0x8a2cf41e0_0, 0, 8;
    %jmp T_4.257;
T_4.187 ;
    %pushi/vec4 234, 0, 8;
    %store/vec4 v0x8a2cf41e0_0, 0, 8;
    %jmp T_4.257;
T_4.188 ;
    %pushi/vec4 101, 0, 8;
    %store/vec4 v0x8a2cf41e0_0, 0, 8;
    %jmp T_4.257;
T_4.189 ;
    %pushi/vec4 122, 0, 8;
    %store/vec4 v0x8a2cf41e0_0, 0, 8;
    %jmp T_4.257;
T_4.190 ;
    %pushi/vec4 174, 0, 8;
    %store/vec4 v0x8a2cf41e0_0, 0, 8;
    %jmp T_4.257;
T_4.191 ;
    %pushi/vec4 8, 0, 8;
    %store/vec4 v0x8a2cf41e0_0, 0, 8;
    %jmp T_4.257;
T_4.192 ;
    %pushi/vec4 186, 0, 8;
    %store/vec4 v0x8a2cf41e0_0, 0, 8;
    %jmp T_4.257;
T_4.193 ;
    %pushi/vec4 120, 0, 8;
    %store/vec4 v0x8a2cf41e0_0, 0, 8;
    %jmp T_4.257;
T_4.194 ;
    %pushi/vec4 37, 0, 8;
    %store/vec4 v0x8a2cf41e0_0, 0, 8;
    %jmp T_4.257;
T_4.195 ;
    %pushi/vec4 46, 0, 8;
    %store/vec4 v0x8a2cf41e0_0, 0, 8;
    %jmp T_4.257;
T_4.196 ;
    %pushi/vec4 28, 0, 8;
    %store/vec4 v0x8a2cf41e0_0, 0, 8;
    %jmp T_4.257;
T_4.197 ;
    %pushi/vec4 166, 0, 8;
    %store/vec4 v0x8a2cf41e0_0, 0, 8;
    %jmp T_4.257;
T_4.198 ;
    %pushi/vec4 180, 0, 8;
    %store/vec4 v0x8a2cf41e0_0, 0, 8;
    %jmp T_4.257;
T_4.199 ;
    %pushi/vec4 198, 0, 8;
    %store/vec4 v0x8a2cf41e0_0, 0, 8;
    %jmp T_4.257;
T_4.200 ;
    %pushi/vec4 232, 0, 8;
    %store/vec4 v0x8a2cf41e0_0, 0, 8;
    %jmp T_4.257;
T_4.201 ;
    %pushi/vec4 221, 0, 8;
    %store/vec4 v0x8a2cf41e0_0, 0, 8;
    %jmp T_4.257;
T_4.202 ;
    %pushi/vec4 116, 0, 8;
    %store/vec4 v0x8a2cf41e0_0, 0, 8;
    %jmp T_4.257;
T_4.203 ;
    %pushi/vec4 31, 0, 8;
    %store/vec4 v0x8a2cf41e0_0, 0, 8;
    %jmp T_4.257;
T_4.204 ;
    %pushi/vec4 75, 0, 8;
    %store/vec4 v0x8a2cf41e0_0, 0, 8;
    %jmp T_4.257;
T_4.205 ;
    %pushi/vec4 189, 0, 8;
    %store/vec4 v0x8a2cf41e0_0, 0, 8;
    %jmp T_4.257;
T_4.206 ;
    %pushi/vec4 139, 0, 8;
    %store/vec4 v0x8a2cf41e0_0, 0, 8;
    %jmp T_4.257;
T_4.207 ;
    %pushi/vec4 138, 0, 8;
    %store/vec4 v0x8a2cf41e0_0, 0, 8;
    %jmp T_4.257;
T_4.208 ;
    %pushi/vec4 112, 0, 8;
    %store/vec4 v0x8a2cf41e0_0, 0, 8;
    %jmp T_4.257;
T_4.209 ;
    %pushi/vec4 62, 0, 8;
    %store/vec4 v0x8a2cf41e0_0, 0, 8;
    %jmp T_4.257;
T_4.210 ;
    %pushi/vec4 181, 0, 8;
    %store/vec4 v0x8a2cf41e0_0, 0, 8;
    %jmp T_4.257;
T_4.211 ;
    %pushi/vec4 102, 0, 8;
    %store/vec4 v0x8a2cf41e0_0, 0, 8;
    %jmp T_4.257;
T_4.212 ;
    %pushi/vec4 72, 0, 8;
    %store/vec4 v0x8a2cf41e0_0, 0, 8;
    %jmp T_4.257;
T_4.213 ;
    %pushi/vec4 3, 0, 8;
    %store/vec4 v0x8a2cf41e0_0, 0, 8;
    %jmp T_4.257;
T_4.214 ;
    %pushi/vec4 246, 0, 8;
    %store/vec4 v0x8a2cf41e0_0, 0, 8;
    %jmp T_4.257;
T_4.215 ;
    %pushi/vec4 14, 0, 8;
    %store/vec4 v0x8a2cf41e0_0, 0, 8;
    %jmp T_4.257;
T_4.216 ;
    %pushi/vec4 97, 0, 8;
    %store/vec4 v0x8a2cf41e0_0, 0, 8;
    %jmp T_4.257;
T_4.217 ;
    %pushi/vec4 53, 0, 8;
    %store/vec4 v0x8a2cf41e0_0, 0, 8;
    %jmp T_4.257;
T_4.218 ;
    %pushi/vec4 87, 0, 8;
    %store/vec4 v0x8a2cf41e0_0, 0, 8;
    %jmp T_4.257;
T_4.219 ;
    %pushi/vec4 185, 0, 8;
    %store/vec4 v0x8a2cf41e0_0, 0, 8;
    %jmp T_4.257;
T_4.220 ;
    %pushi/vec4 134, 0, 8;
    %store/vec4 v0x8a2cf41e0_0, 0, 8;
    %jmp T_4.257;
T_4.221 ;
    %pushi/vec4 193, 0, 8;
    %store/vec4 v0x8a2cf41e0_0, 0, 8;
    %jmp T_4.257;
T_4.222 ;
    %pushi/vec4 29, 0, 8;
    %store/vec4 v0x8a2cf41e0_0, 0, 8;
    %jmp T_4.257;
T_4.223 ;
    %pushi/vec4 158, 0, 8;
    %store/vec4 v0x8a2cf41e0_0, 0, 8;
    %jmp T_4.257;
T_4.224 ;
    %pushi/vec4 225, 0, 8;
    %store/vec4 v0x8a2cf41e0_0, 0, 8;
    %jmp T_4.257;
T_4.225 ;
    %pushi/vec4 248, 0, 8;
    %store/vec4 v0x8a2cf41e0_0, 0, 8;
    %jmp T_4.257;
T_4.226 ;
    %pushi/vec4 152, 0, 8;
    %store/vec4 v0x8a2cf41e0_0, 0, 8;
    %jmp T_4.257;
T_4.227 ;
    %pushi/vec4 17, 0, 8;
    %store/vec4 v0x8a2cf41e0_0, 0, 8;
    %jmp T_4.257;
T_4.228 ;
    %pushi/vec4 105, 0, 8;
    %store/vec4 v0x8a2cf41e0_0, 0, 8;
    %jmp T_4.257;
T_4.229 ;
    %pushi/vec4 217, 0, 8;
    %store/vec4 v0x8a2cf41e0_0, 0, 8;
    %jmp T_4.257;
T_4.230 ;
    %pushi/vec4 142, 0, 8;
    %store/vec4 v0x8a2cf41e0_0, 0, 8;
    %jmp T_4.257;
T_4.231 ;
    %pushi/vec4 148, 0, 8;
    %store/vec4 v0x8a2cf41e0_0, 0, 8;
    %jmp T_4.257;
T_4.232 ;
    %pushi/vec4 155, 0, 8;
    %store/vec4 v0x8a2cf41e0_0, 0, 8;
    %jmp T_4.257;
T_4.233 ;
    %pushi/vec4 30, 0, 8;
    %store/vec4 v0x8a2cf41e0_0, 0, 8;
    %jmp T_4.257;
T_4.234 ;
    %pushi/vec4 135, 0, 8;
    %store/vec4 v0x8a2cf41e0_0, 0, 8;
    %jmp T_4.257;
T_4.235 ;
    %pushi/vec4 233, 0, 8;
    %store/vec4 v0x8a2cf41e0_0, 0, 8;
    %jmp T_4.257;
T_4.236 ;
    %pushi/vec4 206, 0, 8;
    %store/vec4 v0x8a2cf41e0_0, 0, 8;
    %jmp T_4.257;
T_4.237 ;
    %pushi/vec4 85, 0, 8;
    %store/vec4 v0x8a2cf41e0_0, 0, 8;
    %jmp T_4.257;
T_4.238 ;
    %pushi/vec4 40, 0, 8;
    %store/vec4 v0x8a2cf41e0_0, 0, 8;
    %jmp T_4.257;
T_4.239 ;
    %pushi/vec4 223, 0, 8;
    %store/vec4 v0x8a2cf41e0_0, 0, 8;
    %jmp T_4.257;
T_4.240 ;
    %pushi/vec4 140, 0, 8;
    %store/vec4 v0x8a2cf41e0_0, 0, 8;
    %jmp T_4.257;
T_4.241 ;
    %pushi/vec4 161, 0, 8;
    %store/vec4 v0x8a2cf41e0_0, 0, 8;
    %jmp T_4.257;
T_4.242 ;
    %pushi/vec4 137, 0, 8;
    %store/vec4 v0x8a2cf41e0_0, 0, 8;
    %jmp T_4.257;
T_4.243 ;
    %pushi/vec4 13, 0, 8;
    %store/vec4 v0x8a2cf41e0_0, 0, 8;
    %jmp T_4.257;
T_4.244 ;
    %pushi/vec4 191, 0, 8;
    %store/vec4 v0x8a2cf41e0_0, 0, 8;
    %jmp T_4.257;
T_4.245 ;
    %pushi/vec4 230, 0, 8;
    %store/vec4 v0x8a2cf41e0_0, 0, 8;
    %jmp T_4.257;
T_4.246 ;
    %pushi/vec4 66, 0, 8;
    %store/vec4 v0x8a2cf41e0_0, 0, 8;
    %jmp T_4.257;
T_4.247 ;
    %pushi/vec4 104, 0, 8;
    %store/vec4 v0x8a2cf41e0_0, 0, 8;
    %jmp T_4.257;
T_4.248 ;
    %pushi/vec4 65, 0, 8;
    %store/vec4 v0x8a2cf41e0_0, 0, 8;
    %jmp T_4.257;
T_4.249 ;
    %pushi/vec4 153, 0, 8;
    %store/vec4 v0x8a2cf41e0_0, 0, 8;
    %jmp T_4.257;
T_4.250 ;
    %pushi/vec4 45, 0, 8;
    %store/vec4 v0x8a2cf41e0_0, 0, 8;
    %jmp T_4.257;
T_4.251 ;
    %pushi/vec4 15, 0, 8;
    %store/vec4 v0x8a2cf41e0_0, 0, 8;
    %jmp T_4.257;
T_4.252 ;
    %pushi/vec4 176, 0, 8;
    %store/vec4 v0x8a2cf41e0_0, 0, 8;
    %jmp T_4.257;
T_4.253 ;
    %pushi/vec4 84, 0, 8;
    %store/vec4 v0x8a2cf41e0_0, 0, 8;
    %jmp T_4.257;
T_4.254 ;
    %pushi/vec4 187, 0, 8;
    %store/vec4 v0x8a2cf41e0_0, 0, 8;
    %jmp T_4.257;
T_4.255 ;
    %pushi/vec4 22, 0, 8;
    %store/vec4 v0x8a2cf41e0_0, 0, 8;
    %jmp T_4.257;
T_4.257 ;
    %pop/vec4 1;
    %jmp T_4;
    .thread T_4, $push;
    .scope S_0x102c08be0;
T_5 ;
    %wait E_0x8a2cd1680;
    %load/vec4 v0x8a2cf4460_0;
    %parti/s 32, 96, 8;
    %store/vec4 v0x8a2cf5180_0, 0, 32;
    %load/vec4 v0x8a2cf4460_0;
    %parti/s 32, 64, 8;
    %store/vec4 v0x8a2cf5220_0, 0, 32;
    %load/vec4 v0x8a2cf4460_0;
    %parti/s 32, 32, 7;
    %store/vec4 v0x8a2cf52c0_0, 0, 32;
    %load/vec4 v0x8a2cf4460_0;
    %parti/s 32, 0, 2;
    %store/vec4 v0x8a2cf5360_0, 0, 32;
    %load/vec4 v0x8a2cf5360_0;
    %parti/s 8, 16, 6;
    %load/vec4 v0x8a2cf5360_0;
    %parti/s 8, 8, 5;
    %concat/vec4; draw_concat_vec4
    %load/vec4 v0x8a2cf5360_0;
    %parti/s 8, 0, 2;
    %concat/vec4; draw_concat_vec4
    %load/vec4 v0x8a2cf5360_0;
    %parti/s 8, 24, 6;
    %concat/vec4; draw_concat_vec4
    %store/vec4 v0x8a2cf5040_0, 0, 32;
    %load/vec4 v0x8a2cf5040_0;
    %parti/s 8, 24, 6;
    %store/vec4 v0x8a2cf4a00_0, 0, 8;
    %load/vec4 v0x8a2cf5040_0;
    %parti/s 8, 16, 6;
    %store/vec4 v0x8a2cf4aa0_0, 0, 8;
    %load/vec4 v0x8a2cf5040_0;
    %parti/s 8, 8, 5;
    %store/vec4 v0x8a2cf4b40_0, 0, 8;
    %load/vec4 v0x8a2cf5040_0;
    %parti/s 8, 0, 2;
    %store/vec4 v0x8a2cf4be0_0, 0, 8;
    %load/vec4 v0x8a2cf4c80_0;
    %load/vec4 v0x8a2cf4d20_0;
    %concat/vec4; draw_concat_vec4
    %load/vec4 v0x8a2cf4dc0_0;
    %concat/vec4; draw_concat_vec4
    %load/vec4 v0x8a2cf4e60_0;
    %concat/vec4; draw_concat_vec4
    %store/vec4 v0x8a2cf4fa0_0, 0, 32;
    %load/vec4 v0x8a2cf5180_0;
    %load/vec4 v0x8a2cf4fa0_0;
    %xor;
    %load/vec4 v0x8a2cf4780_0;
    %concati/vec4 0, 0, 24;
    %xor;
    %store/vec4 v0x8a2cf4500_0, 0, 32;
    %load/vec4 v0x8a2cf5220_0;
    %load/vec4 v0x8a2cf4500_0;
    %xor;
    %store/vec4 v0x8a2cf45a0_0, 0, 32;
    %load/vec4 v0x8a2cf52c0_0;
    %load/vec4 v0x8a2cf45a0_0;
    %xor;
    %store/vec4 v0x8a2cf4640_0, 0, 32;
    %load/vec4 v0x8a2cf5360_0;
    %load/vec4 v0x8a2cf4640_0;
    %xor;
    %store/vec4 v0x8a2cf46e0_0, 0, 32;
    %jmp T_5;
    .thread T_5, $push;
    .scope S_0x102c08be0;
T_6 ;
    %wait E_0x8a2cd1640;
    %load/vec4 v0x8a2cf4960_0;
    %nor/r;
    %flag_set/vec4 8;
    %jmp/0xz  T_6.0, 8;
    %pushi/vec4 0, 0, 128;
    %assign/vec4 v0x8a2cf4460_0, 0;
    %pushi/vec4 0, 0, 128;
    %assign/vec4 v0x8a2cf48c0_0, 0;
    %pushi/vec4 0, 0, 4;
    %assign/vec4 v0x8a2cf4820_0, 0;
    %pushi/vec4 1, 0, 8;
    %assign/vec4 v0x8a2cf4780_0, 0;
    %pushi/vec4 0, 0, 1;
    %assign/vec4 v0x8a2cf50e0_0, 0;
    %pushi/vec4 0, 0, 1;
    %assign/vec4 v0x8a2cf4320_0, 0;
    %jmp T_6.1;
T_6.0 ;
    %pushi/vec4 0, 0, 1;
    %assign/vec4 v0x8a2cf50e0_0, 0;
    %pushi/vec4 0, 0, 1;
    %assign/vec4 v0x8a2cf4320_0, 0;
    %load/vec4 v0x8a2cf4f00_0;
    %flag_set/vec4 8;
    %jmp/0xz  T_6.2, 8;
    %load/vec4 v0x8a2cf43c0_0;
    %assign/vec4 v0x8a2cf4460_0, 0;
    %load/vec4 v0x8a2cf43c0_0;
    %assign/vec4 v0x8a2cf48c0_0, 0;
    %pushi/vec4 0, 0, 4;
    %assign/vec4 v0x8a2cf4820_0, 0;
    %pushi/vec4 1, 0, 8;
    %assign/vec4 v0x8a2cf4780_0, 0;
    %pushi/vec4 1, 0, 1;
    %assign/vec4 v0x8a2cf50e0_0, 0;
    %jmp T_6.3;
T_6.2 ;
    %load/vec4 v0x8a2cf4820_0;
    %cmpi/u 10, 0, 4;
    %jmp/0xz  T_6.4, 5;
    %load/vec4 v0x8a2cf4500_0;
    %load/vec4 v0x8a2cf45a0_0;
    %concat/vec4; draw_concat_vec4
    %load/vec4 v0x8a2cf4640_0;
    %concat/vec4; draw_concat_vec4
    %load/vec4 v0x8a2cf46e0_0;
    %concat/vec4; draw_concat_vec4
    %assign/vec4 v0x8a2cf4460_0, 0;
    %load/vec4 v0x8a2cf4500_0;
    %load/vec4 v0x8a2cf45a0_0;
    %concat/vec4; draw_concat_vec4
    %load/vec4 v0x8a2cf4640_0;
    %concat/vec4; draw_concat_vec4
    %load/vec4 v0x8a2cf46e0_0;
    %concat/vec4; draw_concat_vec4
    %assign/vec4 v0x8a2cf48c0_0, 0;
    %load/vec4 v0x8a2cf4820_0;
    %addi 1, 0, 4;
    %assign/vec4 v0x8a2cf4820_0, 0;
    %alloc S_0x102c08d60;
    %load/vec4 v0x8a2cf4780_0;
    %store/vec4 v0x102c09fb0_0, 0, 8;
    %callf/vec4 TD_key_expansion_tb.dut.rcon_next, S_0x102c08d60;
    %free S_0x102c08d60;
    %assign/vec4 v0x8a2cf4780_0, 0;
    %pushi/vec4 1, 0, 1;
    %assign/vec4 v0x8a2cf50e0_0, 0;
    %jmp T_6.5;
T_6.4 ;
    %pushi/vec4 1, 0, 1;
    %assign/vec4 v0x8a2cf4320_0, 0;
T_6.5 ;
T_6.3 ;
T_6.1 ;
    %jmp T_6;
    .thread T_6;
    .scope S_0x102c0d300;
T_7 ;
    %pushi/vec4 0, 0, 1;
    %store/vec4 v0x8a2cf5400_0, 0, 1;
T_7.0 ;
    %delay 5000, 0;
    %load/vec4 v0x8a2cf5400_0;
    %inv;
    %store/vec4 v0x8a2cf5400_0, 0, 1;
    %jmp T_7.0;
T_7.1 ;
    %end;
    .thread T_7;
    .scope S_0x102c0d300;
T_8 ;
    %pushi/vec4 2164359682, 0, 47;
    %concati/vec4 2198045700, 0, 32;
    %concati/vec4 2231731718, 0, 32;
    %concati/vec4 69135, 0, 17;
    %ix/load 4, 0, 0;
    %flag_set/imm 4, 0;
    %store/vec4a v0x8a2cf55e0, 4, 0;
    %pushi/vec4 3601495293, 0, 32;
    %concati/vec4 3534713594, 0, 32;
    %concati/vec4 3668343025, 0, 32;
    %concati/vec4 3601561342, 0, 32;
    %ix/load 4, 1, 0;
    %flag_set/imm 4, 0;
    %store/vec4a v0x8a2cf55e0, 4, 0;
    %pushi/vec4 3063074571, 0, 32;
    %concati/vec4 3363535843, 0, 33;
    %concati/vec4 4201583617, 0, 33;
    %concati/vec4 674280446, 0, 30;
    %ix/load 4, 2, 0;
    %flag_set/imm 4, 0;
    %store/vec4a v0x8a2cf55e0, 4, 0;
    %pushi/vec4 3070194766, 0, 32;
    %concati/vec4 3535980991, 0, 32;
    %concati/vec4 3635550590, 0, 33;
    %concati/vec4 74039105, 0, 31;
    %ix/load 4, 3, 0;
    %flag_set/imm 4, 0;
    %store/vec4a v0x8a2cf55e0, 4, 0;
    %pushi/vec4 2414866297, 0, 33;
    %concati/vec4 2846486559, 0, 34;
    %concati/vec4 3412170215, 0, 32;
    %concati/vec4 486903293, 0, 29;
    %ix/load 4, 4, 0;
    %flag_set/imm 4, 0;
    %store/vec4a v0x8a2cf55e0, 4, 0;
    %pushi/vec4 4071264162, 0, 34;
    %concati/vec4 2793306029, 0, 32;
    %concati/vec4 2275244733, 0, 33;
    %concati/vec4 234234538, 0, 29;
    %ix/load 4, 5, 0;
    %flag_set/imm 4, 0;
    %store/vec4a v0x8a2cf55e0, 4, 0;
    %pushi/vec4 3161595643, 0, 33;
    %concati/vec4 4014810413, 0, 32;
    %concati/vec4 2639591172, 0, 33;
    %concati/vec4 178462571, 0, 30;
    %ix/load 4, 6, 0;
    %flag_set/imm 4, 0;
    %store/vec4a v0x8a2cf55e0, 4, 0;
    %pushi/vec4 2815131863, 0, 35;
    %concati/vec4 3623396113, 0, 35;
    %concati/vec4 2918503658, 0, 38;
    %concati/vec4 639014, 0, 20;
    %ix/load 4, 7, 0;
    %flag_set/imm 4, 0;
    %store/vec4a v0x8a2cf55e0, 4, 0;
    %pushi/vec4 2391215723, 0, 33;
    %concati/vec4 2423363303, 0, 33;
    %concati/vec4 2153442258, 0, 32;
    %concati/vec4 784300754, 0, 30;
    %ix/load 4, 8, 0;
    %flag_set/imm 4, 0;
    %store/vec4a v0x8a2cf55e0, 4, 0;
    %pushi/vec4 2838652323, 0, 33;
    %concati/vec4 3775573712, 0, 32;
    %concati/vec4 2225040613, 0, 34;
    %concati/vec4 506238798, 0, 29;
    %ix/load 4, 9, 0;
    %flag_set/imm 4, 0;
    %store/vec4a v0x8a2cf55e0, 4, 0;
    %pushi/vec4 2559110143, 0, 35;
    %concati/vec4 3843196412, 0, 35;
    %concati/vec4 3253330643, 0, 32;
    %concati/vec4 19607749, 0, 26;
    %ix/load 4, 10, 0;
    %flag_set/imm 4, 0;
    %store/vec4a v0x8a2cf55e0, 4, 0;
    %end;
    .thread T_8;
    .scope S_0x102c0d300;
T_9 ;
    %pushi/vec4 0, 0, 32;
    %store/vec4 v0x8a2cf5540_0, 0, 32;
    %pushi/vec4 2164359682, 0, 47;
    %concati/vec4 2198045700, 0, 32;
    %concati/vec4 2231731718, 0, 32;
    %concati/vec4 69135, 0, 17;
    %store/vec4 v0x8a2cf5720_0, 0, 128;
    %pushi/vec4 0, 0, 1;
    %store/vec4 v0x8a2cf59a0_0, 0, 1;
    %pushi/vec4 0, 0, 1;
    %store/vec4 v0x8a2cf5900_0, 0, 1;
    %delay 12000, 0;
    %pushi/vec4 1, 0, 1;
    %store/vec4 v0x8a2cf5900_0, 0, 1;
    %wait E_0x8a2cd1600;
    %pushi/vec4 1, 0, 1;
    %store/vec4 v0x8a2cf59a0_0, 0, 1;
    %wait E_0x8a2cd15c0;
    %delay 1000, 0;
    %vpi_call/w 3 87 "$display", "Round %0d : %032h", v0x8a2cf57c0_0, v0x8a2cf5860_0 {0 0 0};
    %load/vec4 v0x8a2cf5a40_0;
    %flag_set/vec4 10;
    %flag_get/vec4 10;
    %jmp/0 T_9.3, 10;
    %load/vec4 v0x8a2cf57c0_0;
    %pushi/vec4 0, 0, 4;
    %cmp/e;
    %flag_get/vec4 4;
    %and;
T_9.3;
    %flag_set/vec4 9;
    %flag_get/vec4 9;
    %jmp/0 T_9.2, 9;
    %load/vec4 v0x8a2cf5860_0;
    %ix/load 4, 0, 0;
    %flag_set/imm 4, 0;
    %load/vec4a v0x8a2cf55e0, 4;
    %cmp/e;
    %flag_get/vec4 6;
    %and;
T_9.2;
    %flag_set/vec4 8;
    %jmp/0xz  T_9.0, 8;
    %vpi_call/w 3 96 "$display", "          PASS" {0 0 0};
    %jmp T_9.1;
T_9.0 ;
    %vpi_call/w 3 101 "$display", "          FAIL" {0 0 0};
    %vpi_call/w 3 102 "$display", "          Expected: %032h", &A<v0x8a2cf55e0, 0> {0 0 0};
    %load/vec4 v0x8a2cf5540_0;
    %addi 1, 0, 32;
    %store/vec4 v0x8a2cf5540_0, 0, 32;
T_9.1 ;
    %wait E_0x8a2cd1600;
    %pushi/vec4 0, 0, 1;
    %store/vec4 v0x8a2cf59a0_0, 0, 1;
    %pushi/vec4 1, 0, 32;
    %store/vec4 v0x8a2cf5680_0, 0, 32;
T_9.4 ; Top of for-loop
    %load/vec4 v0x8a2cf5680_0;
    %cmpi/s 10, 0, 32;
    %flag_or 5, 4;
	  %jmp/0xz T_9.5, 5;
    %wait E_0x8a2cd15c0;
    %delay 1000, 0;
    %vpi_call/w 3 127 "$display", "Round %0d : %032h", v0x8a2cf57c0_0, v0x8a2cf5860_0 {0 0 0};
    %load/vec4 v0x8a2cf5a40_0;
    %flag_set/vec4 10;
    %flag_get/vec4 10;
    %jmp/0 T_9.10, 10;
    %load/vec4 v0x8a2cf57c0_0;
    %load/vec4 v0x8a2cf5680_0;
    %parti/s 4, 0, 2;
    %cmp/e;
    %flag_get/vec4 4;
    %and;
T_9.10;
    %flag_set/vec4 9;
    %flag_get/vec4 9;
    %jmp/0 T_9.9, 9;
    %load/vec4 v0x8a2cf5860_0;
    %ix/getv/s 4, v0x8a2cf5680_0;
    %load/vec4a v0x8a2cf55e0, 4;
    %cmp/e;
    %flag_get/vec4 6;
    %and;
T_9.9;
    %flag_set/vec4 8;
    %jmp/0xz  T_9.7, 8;
    %vpi_call/w 3 137 "$display", "          PASS" {0 0 0};
    %jmp T_9.8;
T_9.7 ;
    %vpi_call/w 3 142 "$display", "          FAIL" {0 0 0};
    %vpi_call/w 3 144 "$display", "          Expected: %032h", &A<v0x8a2cf55e0, v0x8a2cf5680_0 > {0 0 0};
    %load/vec4 v0x8a2cf5540_0;
    %addi 1, 0, 32;
    %store/vec4 v0x8a2cf5540_0, 0, 32;
T_9.8 ;
T_9.6 ; for-loop step statement
    %load/vec4 v0x8a2cf5680_0;
    %addi 1, 0, 32;
    %store/vec4 v0x8a2cf5680_0, 0, 32;
    %jmp T_9.4;
T_9.5 ; for-loop exit label
    %wait E_0x8a2cd15c0;
    %delay 1000, 0;
    %load/vec4 v0x8a2cf54a0_0;
    %flag_set/vec4 8;
    %jmp/0xz  T_9.11, 8;
    %vpi_call/w 3 163 "$display", "KEY_EXPANSION DONE" {0 0 0};
    %jmp T_9.12;
T_9.11 ;
    %vpi_call/w 3 166 "$display", "DONE NOT ASSERTED" {0 0 0};
    %load/vec4 v0x8a2cf5540_0;
    %addi 1, 0, 32;
    %store/vec4 v0x8a2cf5540_0, 0, 32;
T_9.12 ;
    %load/vec4 v0x8a2cf5540_0;
    %cmpi/e 0, 0, 32;
    %jmp/0xz  T_9.13, 4;
    %vpi_call/w 3 175 "$display", "\000" {0 0 0};
    %vpi_call/w 3 176 "$display", "KEY_EXPANSION PASS" {0 0 0};
    %jmp T_9.14;
T_9.13 ;
    %vpi_call/w 3 179 "$display", "\000" {0 0 0};
    %vpi_call/w 3 180 "$display", "KEY_EXPANSION FAIL: %0d errors", v0x8a2cf5540_0 {0 0 0};
T_9.14 ;
    %vpi_call/w 3 186 "$finish" {0 0 0};
    %end;
    .thread T_9;
# The file index is used to find the file name in the following table.
:file_names 6;
    "N/A";
    "<interactive>";
    "-";
    "tb/key_expansion_tb.sv";
    "rtl/key_expansion.sv";
    "rtl/aes_sbox.sv";
